year,directory_count,cbp_published_count,cbp_lower_bound,cbp_upper_bound,common_support_share,county_cells,geography_type,geography,reporting_break
1998,9961,12336,12336,12336,0.997805642633229,3190,national,US,FALSE
1999,9501,12428,12428,12428,0.997492948918834,3191,national,US,FALSE
2000,10748,12556,12556,12556,0.997496087636933,3195,national,US,FALSE
2002,11215,13584,13584,13584,0.9981220657277,3195,national,US,FALSE
2003,9688,13963,13963,13963,0.998122653316646,3196,national,US,FALSE
2004,10660,14152,14152,14152,0.998122653316646,3196,national,US,FALSE
2005,10418,14397,14397,14397,0.99874686716792,3192,national,US,FALSE
2006,10608,14777,14777,14777,0.99874686716792,3192,national,US,FALSE
2007,10911,15034,15034,15034,0.998434564809017,3194,national,US,FALSE
2008,10931,15658,15658,15658,0.9981220657277,3195,national,US,FALSE
2009,10938,15868,15868,15868,0.997809762202753,3196,national,US,FALSE
2010,10992,16115,16115,16115,0.998434564809017,3194,national,US,FALSE
2011,11254,16153,16153,16153,0.998434074538052,3193,national,US,FALSE
2012,11423,16959,16959,16959,0.99906073888541,3194,national,US,FALSE
2013,11224,17085,17085,17085,0.99906103286385,3195,national,US,FALSE
2014,11687,17447,17447,17447,0.99906103286385,3195,national,US,FALSE
2015,11496,18087,18087,18087,0.99906103286385,3195,national,US,FALSE
2016,11804,18910,18910,18910,0.999061326658323,3196,national,US,FALSE
2017,11955,15036,17385,27343,0.142230576441103,3192,national,US,TRUE
2018,13196,15620,18112,28028,0.143483709273183,3192,national,US,TRUE
2019,13966,16646,19294,29066,0.150375939849624,3192,national,US,TRUE
2020,14091,16681,19278,29048,0.152255639097744,3192,national,US,TRUE
2021,12038,17876,20528,30200,0.158834586466165,3192,national,US,TRUE
2022,12609,19345,22250,31720,0.1678125,3200,national,US,TRUE
2023,12096,19983,23084,32534,0.165625,3200,national,US,TRUE
2024,13304,,,,0,2193,national,US,TRUE
1998,58,41,41,41,0.848484848484848,33,state,AK,FALSE
1999,60,39,39,39,0.848484848484848,33,state,AK,FALSE
2000,61,39,39,39,0.848484848484848,33,state,AK,FALSE
2002,56,40,40,40,0.848484848484848,33,state,AK,FALSE
2003,53,45,45,45,0.848484848484848,33,state,AK,FALSE
2004,49,43,43,43,0.823529411764706,34,state,AK,FALSE
2005,50,41,41,41,0.875,32,state,AK,FALSE
2006,51,40,40,40,0.875,32,state,AK,FALSE
2007,54,37,37,37,0.848484848484848,33,state,AK,FALSE
2008,53,45,45,45,0.848484848484848,33,state,AK,FALSE
2009,62,46,46,46,0.823529411764706,34,state,AK,FALSE
2010,56,48,48,48,0.848484848484848,33,state,AK,FALSE
2011,58,56,56,56,0.875,32,state,AK,FALSE
2012,69,61,61,61,0.9375,32,state,AK,FALSE
2013,71,61,61,61,0.9375,32,state,AK,FALSE
2014,72,60,60,60,0.9375,32,state,AK,FALSE
2015,80,59,59,59,0.9375,32,state,AK,FALSE
2016,79,57,57,57,0.9375,32,state,AK,FALSE
2017,84,49,61,163,0.09375,32,state,AK,TRUE
2018,89,55,61,167,0.09375,32,state,AK,TRUE
2019,90,61,67,173,0.09375,32,state,AK,TRUE
2020,95,65,71,177,0.09375,32,state,AK,TRUE
2021,81,71,78,184,0.09375,32,state,AK,TRUE
2022,71,75,91,197,0.0967741935483871,31,state,AK,TRUE
2023,79,79,85,189,0.129032258064516,31,state,AK,TRUE
2024,78,,,,0,20,state,AK,TRUE
1998,58,175,175,175,1,68,state,AL,FALSE
1999,62,164,164,164,1,68,state,AL,FALSE
2000,58,160,160,160,1,68,state,AL,FALSE
2002,71,203,203,203,1,68,state,AL,FALSE
2003,74,229,229,229,1,68,state,AL,FALSE
2004,81,241,241,241,1,68,state,AL,FALSE
2005,82,249,249,249,1,68,state,AL,FALSE
2006,86,246,246,246,1,68,state,AL,FALSE
2007,91,246,246,246,1,68,state,AL,FALSE
2008,90,231,231,231,1,68,state,AL,FALSE
2009,97,237,237,237,1,68,state,AL,FALSE
2010,93,172,172,172,1,68,state,AL,FALSE
2011,102,171,171,171,1,68,state,AL,FALSE
2012,98,159,159,159,1,68,state,AL,FALSE
2013,124,161,161,161,1,68,state,AL,FALSE
2014,125,180,180,180,1,68,state,AL,FALSE
2015,121,213,213,213,1,68,state,AL,FALSE
2016,119,207,207,207,1,68,state,AL,FALSE
2017,116,117,154,384,0.0882352941176471,68,state,AL,TRUE
2018,121,122,160,386,0.102941176470588,68,state,AL,TRUE
2019,128,132,161,383,0.132352941176471,68,state,AL,TRUE
2020,131,112,151,375,0.102941176470588,68,state,AL,TRUE
2021,108,120,151,381,0.102941176470588,68,state,AL,TRUE
2022,126,124,170,392,0.102941176470588,68,state,AL,TRUE
2023,124,108,155,377,0.102941176470588,68,state,AL,TRUE
2024,112,,,,0,43,state,AL,TRUE
1998,60,114,114,114,1,76,state,AR,FALSE
1999,55,116,116,116,1,76,state,AR,FALSE
2000,39,104,104,104,1,76,state,AR,FALSE
2002,42,111,111,111,1,76,state,AR,FALSE
2003,37,145,145,145,1,76,state,AR,FALSE
2004,41,150,150,150,1,76,state,AR,FALSE
2005,35,155,155,155,1,76,state,AR,FALSE
2006,35,157,157,157,1,76,state,AR,FALSE
2007,34,181,181,181,1,76,state,AR,FALSE
2008,39,206,206,206,1,76,state,AR,FALSE
2009,31,198,198,198,1,76,state,AR,FALSE
2010,39,210,210,210,1,76,state,AR,FALSE
2011,57,202,202,202,1,76,state,AR,FALSE
2012,70,188,188,188,1,76,state,AR,FALSE
2013,62,188,188,188,1,76,state,AR,FALSE
2014,58,194,194,194,1,76,state,AR,FALSE
2015,59,182,182,182,1,76,state,AR,FALSE
2016,85,182,182,182,1,76,state,AR,FALSE
2017,91,66,117,383,0.0394736842105263,76,state,AR,TRUE
2018,131,77,128,390,0.0526315789473684,76,state,AR,TRUE
2019,148,79,147,401,0.0394736842105263,76,state,AR,TRUE
2020,157,85,155,405,0.0657894736842105,76,state,AR,TRUE
2021,119,106,188,432,0.0789473684210526,76,state,AR,TRUE
2022,109,136,221,455,0.105263157894737,76,state,AR,TRUE
2023,99,147,244,478,0.105263157894737,76,state,AR,TRUE
2024,137,,,,0,55,state,AR,TRUE
1998,124,231,231,231,1,16,state,AZ,FALSE
1999,196,236,236,236,1,16,state,AZ,FALSE
2000,166,223,223,223,1,16,state,AZ,FALSE
2002,157,223,223,223,1,16,state,AZ,FALSE
2003,139,245,245,245,1,16,state,AZ,FALSE
2004,136,276,276,276,1,16,state,AZ,FALSE
2005,130,277,277,277,1,16,state,AZ,FALSE
2006,132,271,271,271,1,16,state,AZ,FALSE
2007,139,291,291,291,1,16,state,AZ,FALSE
2008,132,292,292,292,1,16,state,AZ,FALSE
2009,172,296,296,296,1,16,state,AZ,FALSE
2010,163,362,362,362,1,16,state,AZ,FALSE
2011,169,364,364,364,1,16,state,AZ,FALSE
2012,272,422,422,422,1,16,state,AZ,FALSE
2013,244,423,423,423,1,16,state,AZ,FALSE
2014,250,461,461,461,1,16,state,AZ,FALSE
2015,281,483,483,483,1,16,state,AZ,FALSE
2016,280,511,511,511,1,16,state,AZ,FALSE
2017,300,533,579,603,0.4375,16,state,AZ,TRUE
2018,380,537,580,604,0.4375,16,state,AZ,TRUE
2019,406,581,629,653,0.4375,16,state,AZ,TRUE
2020,374,575,631,657,0.375,16,state,AZ,TRUE
2021,313,688,733,763,0.375,16,state,AZ,TRUE
2022,377,861,894,922,0.4375,16,state,AZ,TRUE
2023,352,990,1023,1051,0.4375,16,state,AZ,TRUE
2024,475,,,,0,15,state,AZ,TRUE
1998,1249,1388,1388,1388,1,59,state,CA,FALSE
1999,1283,1378,1378,1378,1,59,state,CA,FALSE
2000,1328,1360,1360,1360,1,59,state,CA,FALSE
2002,1579,1539,1539,1539,1,59,state,CA,FALSE
2003,1451,1692,1692,1692,1,59,state,CA,FALSE
2004,1524,1664,1664,1664,1,59,state,CA,FALSE
2005,1459,1664,1664,1664,1,59,state,CA,FALSE
2006,1497,1700,1700,1700,1,59,state,CA,FALSE
2007,1493,1733,1733,1733,1,59,state,CA,FALSE
2008,1478,1806,1806,1806,1,59,state,CA,FALSE
2009,1472,1776,1776,1776,1,59,state,CA,FALSE
2010,1401,1742,1742,1742,1,59,state,CA,FALSE
2011,1372,1756,1756,1756,1,59,state,CA,FALSE
2012,1322,1822,1822,1822,1,59,state,CA,FALSE
2013,1239,1883,1883,1883,1,59,state,CA,FALSE
2014,1224,1892,1892,1892,1,59,state,CA,FALSE
2015,1158,1978,1978,1978,1,59,state,CA,FALSE
2016,1129,2140,2140,2140,1,59,state,CA,FALSE
2017,1101,2269,2290,2390,0.525423728813559,59,state,CA,TRUE
2018,1165,2353,2379,2475,0.525423728813559,59,state,CA,TRUE
2019,1435,2409,2440,2534,0.525423728813559,59,state,CA,TRUE
2020,1387,2378,2407,2503,0.525423728813559,59,state,CA,TRUE
2021,1191,2577,2602,2692,0.559322033898305,59,state,CA,TRUE
2022,1272,2792,2806,2898,0.576271186440678,59,state,CA,TRUE
2023,1139,2829,2850,2940,0.576271186440678,59,state,CA,TRUE
2024,1180,,,,0,55,state,CA,TRUE
1998,203,247,247,247,1,64,state,CO,FALSE
1999,390,247,247,247,0.984615384615385,65,state,CO,FALSE
2000,360,264,264,264,0.984615384615385,65,state,CO,FALSE
2002,358,284,284,284,1,65,state,CO,FALSE
2003,285,293,293,293,1,65,state,CO,FALSE
2004,364,291,291,291,1,65,state,CO,FALSE
2005,362,299,299,299,1,65,state,CO,FALSE
2006,357,302,302,302,1,65,state,CO,FALSE
2007,359,289,289,289,1,65,state,CO,FALSE
2008,364,294,294,294,1,65,state,CO,FALSE
2009,352,285,285,285,1,65,state,CO,FALSE
2010,384,284,284,284,1,65,state,CO,FALSE
2011,381,289,289,289,1,65,state,CO,FALSE
2012,391,337,337,337,1,65,state,CO,FALSE
2013,405,333,333,333,1,65,state,CO,FALSE
2014,412,341,341,341,1,65,state,CO,FALSE
2015,344,354,354,354,1,65,state,CO,FALSE
2016,342,368,368,368,1,65,state,CO,FALSE
2017,342,316,355,565,0.138461538461538,65,state,CO,TRUE
2018,378,303,356,570,0.123076923076923,65,state,CO,TRUE
2019,375,321,385,593,0.123076923076923,65,state,CO,TRUE
2020,359,335,396,606,0.123076923076923,65,state,CO,TRUE
2021,299,354,417,625,0.123076923076923,65,state,CO,TRUE
2022,289,364,440,646,0.123076923076923,65,state,CO,TRUE
2023,253,357,422,634,0.123076923076923,65,state,CO,TRUE
2024,264,,,,0,50,state,CO,TRUE
1998,181,169,169,169,1,8,state,CT,FALSE
1999,154,183,183,183,1,8,state,CT,FALSE
2000,202,194,194,194,1,9,state,CT,FALSE
2002,195,228,228,228,1,9,state,CT,FALSE
2003,180,224,224,224,1,9,state,CT,FALSE
2004,170,216,216,216,1,9,state,CT,FALSE
2005,160,229,229,229,1,9,state,CT,FALSE
2006,161,241,241,241,1,9,state,CT,FALSE
2007,165,250,250,250,1,9,state,CT,FALSE
2008,155,271,271,271,1,9,state,CT,FALSE
2009,153,273,273,273,1,9,state,CT,FALSE
2010,148,267,267,267,1,9,state,CT,FALSE
2011,140,262,262,262,1,9,state,CT,FALSE
2012,143,274,274,274,1,9,state,CT,FALSE
2013,157,274,274,274,1,9,state,CT,FALSE
2014,158,275,275,275,1,9,state,CT,FALSE
2015,180,269,269,269,1,9,state,CT,FALSE
2016,186,309,309,309,1,9,state,CT,FALSE
2017,199,289,293,299,0.777777777777778,9,state,CT,TRUE
2018,211,300,306,312,0.777777777777778,9,state,CT,TRUE
2019,206,324,329,335,0.777777777777778,9,state,CT,TRUE
2020,196,319,324,330,0.777777777777778,9,state,CT,TRUE
2021,161,329,333,339,0.777777777777778,9,state,CT,TRUE
2022,168,339,339,343,0.5,18,state,CT,TRUE
2023,158,430,430,434,0.5,18,state,CT,TRUE
2024,168,,,,0,8,state,CT,TRUE
1998,53,53,53,53,0.5,2,state,DC,FALSE
1999,63,52,52,52,0.5,2,state,DC,FALSE
2000,48,50,50,50,0.5,2,state,DC,FALSE
2002,51,63,63,63,0.5,2,state,DC,FALSE
2003,45,51,51,51,0.5,2,state,DC,FALSE
2004,45,53,53,53,1,1,state,DC,FALSE
2005,40,62,62,62,1,1,state,DC,FALSE
2006,37,56,56,56,1,1,state,DC,FALSE
2007,37,43,43,43,1,1,state,DC,FALSE
2008,38,39,39,39,1,1,state,DC,FALSE
2009,35,35,35,35,1,1,state,DC,FALSE
2010,31,40,40,40,1,1,state,DC,FALSE
2011,33,40,40,40,1,1,state,DC,FALSE
2012,30,51,51,51,1,1,state,DC,FALSE
2013,29,50,50,50,1,1,state,DC,FALSE
2014,28,49,49,49,1,1,state,DC,FALSE
2015,26,49,49,49,1,1,state,DC,FALSE
2016,26,50,50,50,1,1,state,DC,FALSE
2017,24,43,43,43,1,1,state,DC,TRUE
2018,22,49,49,49,1,1,state,DC,TRUE
2019,24,53,53,53,1,1,state,DC,TRUE
2020,27,60,60,60,1,1,state,DC,TRUE
2021,24,63,63,63,1,1,state,DC,TRUE
2022,26,57,57,57,1,1,state,DC,TRUE
2023,26,58,58,58,1,1,state,DC,TRUE
2024,29,,,,0,1,state,DC,TRUE
1998,41,32,32,32,1,3,state,DE,FALSE
1999,34,29,29,29,1,3,state,DE,FALSE
2000,43,42,42,42,1,3,state,DE,FALSE
2002,38,50,50,50,1,4,state,DE,FALSE
2003,36,60,60,60,1,4,state,DE,FALSE
2004,37,50,50,50,1,4,state,DE,FALSE
2005,36,53,53,53,1,4,state,DE,FALSE
2006,36,57,57,57,1,4,state,DE,FALSE
2007,29,72,72,72,1,4,state,DE,FALSE
2008,33,64,64,64,1,4,state,DE,FALSE
2009,29,67,67,67,1,4,state,DE,FALSE
2010,25,68,68,68,1,4,state,DE,FALSE
2011,30,68,68,68,1,4,state,DE,FALSE
2012,34,74,74,74,1,4,state,DE,FALSE
2013,34,73,73,73,1,4,state,DE,FALSE
2014,33,66,66,66,1,4,state,DE,FALSE
2015,33,68,68,68,1,4,state,DE,FALSE
2016,37,68,68,68,1,4,state,DE,FALSE
2017,26,78,78,82,0.75,4,state,DE,TRUE
2018,34,75,75,79,0.75,4,state,DE,TRUE
2019,42,77,77,81,0.75,4,state,DE,TRUE
2020,43,86,86,90,0.75,4,state,DE,TRUE
2021,40,88,88,92,0.75,4,state,DE,TRUE
2022,47,60,73,79,0.5,4,state,DE,TRUE
2023,38,62,78,84,0.5,4,state,DE,TRUE
2024,44,,,,0,3,state,DE,TRUE
1998,438,685,685,685,0.985507246376812,69,state,FL,FALSE
1999,449,644,644,644,0.985507246376812,69,state,FL,FALSE
2000,472,604,604,604,0.985507246376812,69,state,FL,FALSE
2002,439,594,594,594,1,68,state,FL,FALSE
2003,382,676,676,676,1,68,state,FL,FALSE
2004,389,667,667,667,1,68,state,FL,FALSE
2005,449,674,674,674,1,68,state,FL,FALSE
2006,477,666,666,666,1,68,state,FL,FALSE
2007,456,667,667,667,1,68,state,FL,FALSE
2008,469,672,672,672,1,68,state,FL,FALSE
2009,447,667,667,667,1,68,state,FL,FALSE
2010,440,676,676,676,1,68,state,FL,FALSE
2011,464,691,691,691,1,68,state,FL,FALSE
2012,468,744,744,744,1,68,state,FL,FALSE
2013,451,775,775,775,1,68,state,FL,FALSE
2014,514,822,822,822,1,68,state,FL,FALSE
2015,520,909,909,909,1,68,state,FL,FALSE
2016,558,995,995,995,1,68,state,FL,FALSE
2017,533,960,1002,1150,0.397058823529412,68,state,FL,TRUE
2018,583,962,1009,1157,0.382352941176471,68,state,FL,TRUE
2019,572,984,1023,1171,0.397058823529412,68,state,FL,TRUE
2020,592,987,1025,1163,0.426470588235294,68,state,FL,TRUE
2021,501,1041,1091,1231,0.411764705882353,68,state,FL,TRUE
2022,543,1151,1205,1341,0.426470588235294,68,state,FL,TRUE
2023,476,1140,1208,1342,0.411764705882353,68,state,FL,TRUE
2024,537,,,,0,51,state,FL,TRUE
1998,164,169,169,169,1,160,state,GA,FALSE
1999,176,171,171,171,1,160,state,GA,FALSE
2000,158,177,177,177,1,160,state,GA,FALSE
2002,169,193,193,193,1,160,state,GA,FALSE
2003,158,196,196,196,1,160,state,GA,FALSE
2004,156,202,202,202,1,160,state,GA,FALSE
2005,162,214,214,214,1,160,state,GA,FALSE
2006,162,233,233,233,1,160,state,GA,FALSE
2007,155,184,184,184,1,160,state,GA,FALSE
2008,158,179,179,179,1,160,state,GA,FALSE
2009,156,185,185,185,1,160,state,GA,FALSE
2010,152,195,195,195,1,160,state,GA,FALSE
2011,169,230,230,230,1,160,state,GA,FALSE
2012,198,239,239,239,1,160,state,GA,FALSE
2013,274,245,245,245,1,160,state,GA,FALSE
2014,269,255,255,255,1,160,state,GA,FALSE
2015,272,262,262,262,1,160,state,GA,FALSE
2016,271,294,294,294,1,160,state,GA,FALSE
2017,252,152,209,789,0.04375,160,state,GA,TRUE
2018,287,155,217,803,0.0375,160,state,GA,TRUE
2019,297,182,241,821,0.05,160,state,GA,TRUE
2020,285,181,263,839,0.0375,160,state,GA,TRUE
2021,237,179,274,846,0.0375,160,state,GA,TRUE
2022,262,208,311,875,0.05,160,state,GA,TRUE
2023,239,221,343,903,0.04375,160,state,GA,TRUE
2024,276,,,,0,84,state,GA,TRUE
1998,34,35,35,35,1,4,state,HI,FALSE
1999,21,37,37,37,1,4,state,HI,FALSE
2000,49,34,34,34,1,4,state,HI,FALSE
2002,74,35,35,35,1,5,state,HI,FALSE
2003,51,48,48,48,1,5,state,HI,FALSE
2004,77,47,47,47,1,5,state,HI,FALSE
2005,82,52,52,52,1,5,state,HI,FALSE
2006,96,81,81,81,1,5,state,HI,FALSE
2007,109,100,100,100,1,5,state,HI,FALSE
2008,114,90,90,90,1,5,state,HI,FALSE
2009,114,88,88,88,1,5,state,HI,FALSE
2010,110,93,93,93,1,5,state,HI,FALSE
2011,112,94,94,94,1,5,state,HI,FALSE
2012,116,91,91,91,1,5,state,HI,FALSE
2013,116,96,96,96,1,6,state,HI,FALSE
2014,164,94,94,94,1,6,state,HI,FALSE
2015,148,94,94,94,1,6,state,HI,FALSE
2016,149,91,91,91,1,6,state,HI,FALSE
2017,144,81,81,89,0.6,5,state,HI,TRUE
2018,151,77,77,85,0.6,5,state,HI,TRUE
2019,149,79,79,87,0.6,5,state,HI,TRUE
2020,154,82,82,90,0.6,5,state,HI,TRUE
2021,123,82,82,90,0.6,5,state,HI,TRUE
2022,80,81,81,89,0.6,5,state,HI,TRUE
2023,90,80,80,88,0.6,5,state,HI,TRUE
2024,92,,,,0,4,state,HI,TRUE
1998,87,182,182,182,1,100,state,IA,FALSE
1999,75,176,176,176,1,100,state,IA,FALSE
2000,85,174,174,174,1,100,state,IA,FALSE
2002,85,188,188,188,1,100,state,IA,FALSE
2003,82,184,184,184,1,100,state,IA,FALSE
2004,86,190,190,190,1,100,state,IA,FALSE
2005,85,187,187,187,1,100,state,IA,FALSE
2006,82,212,212,212,1,100,state,IA,FALSE
2007,88,214,214,214,1,100,state,IA,FALSE
2008,83,196,196,196,1,100,state,IA,FALSE
2009,84,198,198,198,1,100,state,IA,FALSE
2010,83,218,218,218,1,100,state,IA,FALSE
2011,84,214,214,214,1,100,state,IA,FALSE
2012,100,233,233,233,1,100,state,IA,FALSE
2013,101,222,222,222,1,100,state,IA,FALSE
2014,104,219,219,219,1,100,state,IA,FALSE
2015,130,217,217,217,1,100,state,IA,FALSE
2016,132,224,224,224,1,100,state,IA,FALSE
2017,141,64,123,477,0.04,100,state,IA,TRUE
2018,163,63,125,479,0.04,100,state,IA,TRUE
2019,170,58,130,484,0.03,100,state,IA,TRUE
2020,178,67,124,480,0.04,100,state,IA,TRUE
2021,155,74,146,498,0.04,100,state,IA,TRUE
2022,166,81,150,496,0.05,100,state,IA,TRUE
2023,187,79,164,508,0.04,100,state,IA,TRUE
2024,213,,,,0,75,state,IA,TRUE
1998,42,59,59,59,1,45,state,ID,FALSE
1999,36,54,54,54,1,45,state,ID,FALSE
2000,38,48,48,48,1,45,state,ID,FALSE
2002,55,62,62,62,1,45,state,ID,FALSE
2003,48,69,69,69,1,45,state,ID,FALSE
2004,65,72,72,72,1,45,state,ID,FALSE
2005,54,72,72,72,1,45,state,ID,FALSE
2006,46,67,67,67,1,45,state,ID,FALSE
2007,57,68,68,68,1,45,state,ID,FALSE
2008,65,82,82,82,1,45,state,ID,FALSE
2009,61,86,86,86,1,45,state,ID,FALSE
2010,79,90,90,90,1,45,state,ID,FALSE
2011,88,98,98,98,1,45,state,ID,FALSE
2012,87,116,116,116,1,45,state,ID,FALSE
2013,91,114,114,114,1,45,state,ID,FALSE
2014,120,123,123,123,1,45,state,ID,FALSE
2015,103,124,124,124,1,45,state,ID,FALSE
2016,107,125,125,125,1,45,state,ID,FALSE
2017,106,65,102,258,0.0666666666666667,45,state,ID,TRUE
2018,125,54,96,256,0.0444444444444444,45,state,ID,TRUE
2019,111,69,105,263,0.0666666666666667,45,state,ID,TRUE
2020,105,69,110,266,0.0666666666666667,45,state,ID,TRUE
2021,94,83,132,286,0.0666666666666667,45,state,ID,TRUE
2022,84,124,158,308,0.111111111111111,45,state,ID,TRUE
2023,82,143,171,317,0.111111111111111,45,state,ID,TRUE
2024,115,,,,0,27,state,ID,TRUE
1998,477,477,477,477,1,103,state,IL,FALSE
1999,411,474,474,474,1,103,state,IL,FALSE
2000,527,484,484,484,1,103,state,IL,FALSE
2002,544,522,522,522,1,103,state,IL,FALSE
2003,380,516,516,516,1,103,state,IL,FALSE
2004,533,514,514,514,1,103,state,IL,FALSE
2005,527,505,505,505,1,103,state,IL,FALSE
2006,526,502,502,502,1,103,state,IL,FALSE
2007,566,494,494,494,1,103,state,IL,FALSE
2008,564,502,502,502,1,103,state,IL,FALSE
2009,579,526,526,526,1,103,state,IL,FALSE
2010,588,516,516,516,1,103,state,IL,FALSE
2011,607,522,522,522,1,103,state,IL,FALSE
2012,581,594,594,594,1,103,state,IL,FALSE
2013,599,606,606,606,1,103,state,IL,FALSE
2014,649,575,575,575,1,103,state,IL,FALSE
2015,596,596,596,596,1,103,state,IL,FALSE
2016,610,635,635,635,1,103,state,IL,FALSE
2017,578,468,539,855,0.16504854368932,103,state,IL,TRUE
2018,642,470,566,878,0.16504854368932,103,state,IL,TRUE
2019,722,518,617,927,0.174757281553398,103,state,IL,TRUE
2020,691,565,629,935,0.194174757281553,103,state,IL,TRUE
2021,592,598,677,985,0.174757281553398,103,state,IL,TRUE
2022,557,624,707,1017,0.174757281553398,103,state,IL,TRUE
2023,558,693,779,1101,0.145631067961165,103,state,IL,TRUE
2024,576,,,,0,82,state,IL,TRUE
1998,261,287,287,287,1,93,state,IN,FALSE
1999,216,302,302,302,1,93,state,IN,FALSE
2000,234,325,325,325,1,93,state,IN,FALSE
2002,260,350,350,350,1,93,state,IN,FALSE
2003,240,309,309,309,1,93,state,IN,FALSE
2004,278,333,333,333,1,93,state,IN,FALSE
2005,274,352,352,352,1,93,state,IN,FALSE
2006,290,364,364,364,1,93,state,IN,FALSE
2007,286,358,358,358,1,93,state,IN,FALSE
2008,262,385,385,385,1,93,state,IN,FALSE
2009,263,393,393,393,1,93,state,IN,FALSE
2010,244,387,387,387,1,93,state,IN,FALSE
2011,233,376,376,376,1,93,state,IN,FALSE
2012,238,369,369,369,1,93,state,IN,FALSE
2013,228,362,362,362,1,93,state,IN,FALSE
2014,225,360,360,360,1,93,state,IN,FALSE
2015,223,376,376,376,1,93,state,IN,FALSE
2016,234,410,410,410,1,93,state,IN,FALSE
2017,275,216,295,577,0.150537634408602,93,state,IN,TRUE
2018,321,262,342,618,0.161290322580645,93,state,IN,TRUE
2019,353,327,407,677,0.182795698924731,93,state,IN,TRUE
2020,365,324,388,656,0.193548387096774,93,state,IN,TRUE
2021,339,302,386,654,0.182795698924731,93,state,IN,TRUE
2022,376,364,460,704,0.21505376344086,93,state,IN,TRUE
2023,405,339,468,718,0.182795698924731,93,state,IN,TRUE
2024,435,,,,0,86,state,IN,TRUE
1998,133,116,116,116,1,106,state,KS,FALSE
1999,151,109,109,109,1,106,state,KS,FALSE
2000,152,112,112,112,1,106,state,KS,FALSE
2002,151,132,132,132,1,106,state,KS,FALSE
2003,164,122,122,122,1,106,state,KS,FALSE
2004,175,132,132,132,1,106,state,KS,FALSE
2005,179,147,147,147,1,106,state,KS,FALSE
2006,188,151,151,151,1,106,state,KS,FALSE
2007,202,149,149,149,1,106,state,KS,FALSE
2008,200,150,150,150,1,106,state,KS,FALSE
2009,177,156,156,156,1,106,state,KS,FALSE
2010,196,170,170,170,1,106,state,KS,FALSE
2011,205,169,169,169,1,106,state,KS,FALSE
2012,205,172,172,172,1,106,state,KS,FALSE
2013,189,171,171,171,1,106,state,KS,FALSE
2014,189,171,171,171,1,106,state,KS,FALSE
2015,190,173,173,173,1,106,state,KS,FALSE
2016,180,173,173,173,1,106,state,KS,FALSE
2017,166,52,116,508,0.0188679245283019,106,state,KS,TRUE
2018,167,50,108,504,0.0188679245283019,106,state,KS,TRUE
2019,172,52,124,516,0.0188679245283019,106,state,KS,TRUE
2020,161,77,119,509,0.0377358490566038,106,state,KS,TRUE
2021,132,56,118,510,0.0283018867924528,106,state,KS,TRUE
2022,142,63,135,523,0.0283018867924528,106,state,KS,TRUE
2023,135,56,140,530,0.0188679245283019,106,state,KS,TRUE
2024,156,,,,0,63,state,KS,TRUE
1998,261,243,243,243,1,121,state,KY,FALSE
1999,230,257,257,257,1,121,state,KY,FALSE
2000,250,271,271,271,1,121,state,KY,FALSE
2002,282,281,281,281,1,121,state,KY,FALSE
2003,263,290,290,290,1,121,state,KY,FALSE
2004,276,285,285,285,1,121,state,KY,FALSE
2005,256,273,273,273,1,121,state,KY,FALSE
2006,246,277,277,277,1,121,state,KY,FALSE
2007,257,295,295,295,1,121,state,KY,FALSE
2008,256,316,316,316,1,121,state,KY,FALSE
2009,262,329,329,329,1,121,state,KY,FALSE
2010,259,315,315,315,1,121,state,KY,FALSE
2011,286,315,315,315,1,121,state,KY,FALSE
2012,284,349,349,349,1,121,state,KY,FALSE
2013,284,355,355,355,1,121,state,KY,FALSE
2014,308,380,380,380,1,121,state,KY,FALSE
2015,276,395,395,395,1,121,state,KY,FALSE
2016,293,405,405,405,1,121,state,KY,FALSE
2017,331,111,229,647,0.0413223140495868,121,state,KY,TRUE
2018,384,149,289,689,0.0578512396694215,121,state,KY,TRUE
2019,406,207,382,760,0.0661157024793388,121,state,KY,TRUE
2020,453,224,396,772,0.0743801652892562,121,state,KY,TRUE
2021,350,268,433,803,0.0909090909090909,121,state,KY,TRUE
2022,412,288,515,873,0.0909090909090909,121,state,KY,TRUE
2023,432,308,527,887,0.0909090909090909,121,state,KY,TRUE
2024,447,,,,0,103,state,KY,TRUE
1998,111,147,147,147,1,65,state,LA,FALSE
1999,95,152,152,152,1,65,state,LA,FALSE
2000,114,147,147,147,1,65,state,LA,FALSE
2002,128,150,150,150,1,65,state,LA,FALSE
2003,108,156,156,156,1,65,state,LA,FALSE
2004,118,151,151,151,1,65,state,LA,FALSE
2005,107,154,154,154,1,65,state,LA,FALSE
2006,101,148,148,148,1,65,state,LA,FALSE
2007,112,149,149,149,1,65,state,LA,FALSE
2008,122,168,168,168,1,65,state,LA,FALSE
2009,122,176,176,176,1,65,state,LA,FALSE
2010,116,187,187,187,1,65,state,LA,FALSE
2011,106,187,187,187,1,65,state,LA,FALSE
2012,98,199,199,199,1,65,state,LA,FALSE
2013,91,203,203,203,1,65,state,LA,FALSE
2014,89,214,214,214,1,65,state,LA,FALSE
2015,107,231,231,231,1,65,state,LA,FALSE
2016,105,270,270,270,1,65,state,LA,FALSE
2017,106,224,246,458,0.138461538461538,65,state,LA,TRUE
2018,119,227,244,454,0.153846153846154,65,state,LA,TRUE
2019,122,215,249,457,0.138461538461538,65,state,LA,TRUE
2020,141,202,240,450,0.123076923076923,65,state,LA,TRUE
2021,120,223,253,463,0.138461538461538,65,state,LA,TRUE
2022,156,212,264,462,0.138461538461538,65,state,LA,TRUE
2023,157,221,259,465,0.138461538461538,65,state,LA,TRUE
2024,185,,,,0,44,state,LA,TRUE
1998,251,565,565,565,1,15,state,MA,FALSE
1999,227,591,591,591,1,15,state,MA,FALSE
2000,242,620,620,620,1,15,state,MA,FALSE
2002,244,625,625,625,1,15,state,MA,FALSE
2003,160,592,592,592,1,15,state,MA,FALSE
2004,221,594,594,594,1,15,state,MA,FALSE
2005,208,609,609,609,1,15,state,MA,FALSE
2006,213,649,649,649,1,15,state,MA,FALSE
2007,212,641,641,641,1,15,state,MA,FALSE
2008,220,618,618,618,1,15,state,MA,FALSE
2009,229,635,635,635,1,15,state,MA,FALSE
2010,225,617,617,617,1,15,state,MA,FALSE
2011,238,607,607,607,1,15,state,MA,FALSE
2012,253,651,651,651,1,15,state,MA,FALSE
2013,254,690,690,690,1,15,state,MA,FALSE
2014,290,700,700,700,1,15,state,MA,FALSE
2015,275,705,705,705,1,15,state,MA,FALSE
2016,305,720,720,720,1,15,state,MA,FALSE
2017,330,765,765,777,0.8,15,state,MA,TRUE
2018,383,790,790,802,0.8,15,state,MA,TRUE
2019,398,780,780,792,0.8,15,state,MA,TRUE
2020,419,797,800,810,0.8,15,state,MA,TRUE
2021,368,813,816,826,0.8,15,state,MA,TRUE
2022,396,843,846,856,0.8,15,state,MA,TRUE
2023,342,888,891,901,0.8,15,state,MA,TRUE
2024,372,,,,0,14,state,MA,TRUE
1998,278,193,193,193,1,25,state,MD,FALSE
1999,252,196,196,196,1,25,state,MD,FALSE
2000,294,199,199,199,1,25,state,MD,FALSE
2002,300,270,270,270,1,25,state,MD,FALSE
2003,268,289,289,289,1,25,state,MD,FALSE
2004,305,291,291,291,1,25,state,MD,FALSE
2005,294,295,295,295,1,25,state,MD,FALSE
2006,299,353,353,353,1,25,state,MD,FALSE
2007,307,363,363,363,1,25,state,MD,FALSE
2008,313,333,333,333,1,25,state,MD,FALSE
2009,289,347,347,347,1,25,state,MD,FALSE
2010,303,356,356,356,1,25,state,MD,FALSE
2011,306,360,360,360,1,25,state,MD,FALSE
2012,318,403,403,403,1,25,state,MD,FALSE
2013,317,410,410,410,1,25,state,MD,FALSE
2014,333,426,426,426,1,25,state,MD,FALSE
2015,328,434,434,434,1,25,state,MD,FALSE
2016,358,458,458,458,1,25,state,MD,FALSE
2017,355,398,453,493,0.44,25,state,MD,TRUE
2018,375,482,520,552,0.56,25,state,MD,TRUE
2019,395,516,566,600,0.52,25,state,MD,TRUE
2020,375,575,621,653,0.56,25,state,MD,TRUE
2021,322,612,665,697,0.52,25,state,MD,TRUE
2022,350,691,729,755,0.6,25,state,MD,TRUE
2023,423,763,792,818,0.64,25,state,MD,TRUE
2024,500,,,,0,24,state,MD,TRUE
1998,150,177,177,177,1,16,state,ME,FALSE
1999,118,182,182,182,1,16,state,ME,FALSE
2000,161,179,179,179,1,16,state,ME,FALSE
2002,159,200,200,200,1,17,state,ME,FALSE
2003,137,194,194,194,1,17,state,ME,FALSE
2004,159,198,198,198,1,17,state,ME,FALSE
2005,160,235,235,235,1,17,state,ME,FALSE
2006,158,231,231,231,1,17,state,ME,FALSE
2007,173,247,247,247,1,17,state,ME,FALSE
2008,165,278,278,278,1,17,state,ME,FALSE
2009,144,279,279,279,1,17,state,ME,FALSE
2010,160,269,269,269,1,17,state,ME,FALSE
2011,174,267,267,267,1,17,state,ME,FALSE
2012,183,276,276,276,1,17,state,ME,FALSE
2013,180,290,290,290,1,17,state,ME,FALSE
2014,197,297,297,297,1,17,state,ME,FALSE
2015,174,296,296,296,1,17,state,ME,FALSE
2016,190,296,296,296,1,17,state,ME,FALSE
2017,168,264,276,296,0.647058823529412,17,state,ME,TRUE
2018,155,301,311,333,0.647058823529412,17,state,ME,TRUE
2019,165,308,318,340,0.647058823529412,17,state,ME,TRUE
2020,178,301,310,332,0.647058823529412,17,state,ME,TRUE
2021,130,313,321,343,0.647058823529412,17,state,ME,TRUE
2022,133,323,334,354,0.647058823529412,17,state,ME,TRUE
2023,116,307,321,343,0.588235294117647,17,state,ME,TRUE
2024,145,,,,0,14,state,ME,TRUE
1998,278,540,540,540,1,84,state,MI,FALSE
1999,144,546,546,546,1,84,state,MI,FALSE
2000,378,577,577,577,1,84,state,MI,FALSE
2002,521,610,610,610,1,84,state,MI,FALSE
2003,391,536,536,536,1,84,state,MI,FALSE
2004,484,521,521,521,1,84,state,MI,FALSE
2005,459,515,515,515,1,84,state,MI,FALSE
2006,458,492,492,492,1,84,state,MI,FALSE
2007,458,449,449,449,1,84,state,MI,FALSE
2008,448,510,510,510,1,84,state,MI,FALSE
2009,438,537,537,537,1,84,state,MI,FALSE
2010,434,539,539,539,1,84,state,MI,FALSE
2011,445,530,530,530,1,84,state,MI,FALSE
2012,435,442,442,442,1,84,state,MI,FALSE
2013,417,439,439,439,1,84,state,MI,FALSE
2014,419,440,440,440,1,84,state,MI,FALSE
2015,411,436,436,436,1,84,state,MI,FALSE
2016,427,431,431,431,1,84,state,MI,FALSE
2017,427,361,394,668,0.142857142857143,84,state,MI,TRUE
2018,432,349,382,656,0.142857142857143,84,state,MI,TRUE
2019,435,373,418,686,0.142857142857143,84,state,MI,TRUE
2020,418,356,393,665,0.142857142857143,84,state,MI,TRUE
2021,350,381,429,697,0.142857142857143,84,state,MI,TRUE
2022,395,401,464,728,0.130952380952381,84,state,MI,TRUE
2023,365,439,503,759,0.142857142857143,84,state,MI,TRUE
2024,405,,,,0,69,state,MI,TRUE
1998,245,348,348,348,1,88,state,MN,FALSE
1999,198,334,334,334,1,88,state,MN,FALSE
2000,240,334,334,334,1,88,state,MN,FALSE
2002,237,380,380,380,1,88,state,MN,FALSE
2003,214,369,369,369,1,88,state,MN,FALSE
2004,224,378,378,378,1,88,state,MN,FALSE
2005,213,378,378,378,1,88,state,MN,FALSE
2006,224,378,378,378,1,88,state,MN,FALSE
2007,250,391,391,391,1,88,state,MN,FALSE
2008,257,456,456,456,1,88,state,MN,FALSE
2009,274,472,472,472,1,88,state,MN,FALSE
2010,279,479,479,479,1,88,state,MN,FALSE
2011,303,482,482,482,1,88,state,MN,FALSE
2012,310,576,576,576,1,88,state,MN,FALSE
2013,309,529,529,529,1,88,state,MN,FALSE
2014,340,542,542,542,1,88,state,MN,FALSE
2015,308,560,560,560,1,88,state,MN,FALSE
2016,332,586,586,586,1,88,state,MN,FALSE
2017,337,417,513,775,0.147727272727273,88,state,MN,TRUE
2018,362,422,519,783,0.136363636363636,88,state,MN,TRUE
2019,395,470,569,827,0.147727272727273,88,state,MN,TRUE
2020,394,446,535,799,0.147727272727273,88,state,MN,TRUE
2021,336,504,592,848,0.170454545454545,88,state,MN,TRUE
2022,346,551,633,883,0.193181818181818,88,state,MN,TRUE
2023,332,599,677,927,0.193181818181818,88,state,MN,TRUE
2024,362,,,,0,57,state,MN,TRUE
1998,143,238,238,238,1,116,state,MO,FALSE
1999,175,231,231,231,1,116,state,MO,FALSE
2000,207,247,247,247,1,116,state,MO,FALSE
2002,189,263,263,263,1,116,state,MO,FALSE
2003,144,320,320,320,1,116,state,MO,FALSE
2004,163,365,365,365,1,116,state,MO,FALSE
2005,184,361,361,361,1,116,state,MO,FALSE
2006,206,382,382,382,1,116,state,MO,FALSE
2007,213,408,408,408,1,116,state,MO,FALSE
2008,208,409,409,409,1,116,state,MO,FALSE
2009,210,435,435,435,1,116,state,MO,FALSE
2010,242,438,438,438,1,116,state,MO,FALSE
2011,254,429,429,429,1,116,state,MO,FALSE
2012,245,418,418,418,1,116,state,MO,FALSE
2013,217,433,433,433,1,116,state,MO,FALSE
2014,233,432,432,432,1,116,state,MO,FALSE
2015,224,442,442,442,1,116,state,MO,FALSE
2016,237,434,434,434,1,116,state,MO,FALSE
2017,235,216,300,684,0.0862068965517242,116,state,MO,TRUE
2018,255,256,352,722,0.103448275862069,116,state,MO,TRUE
2019,263,284,391,753,0.112068965517241,116,state,MO,TRUE
2020,262,264,382,742,0.103448275862069,116,state,MO,TRUE
2021,238,288,397,757,0.112068965517241,116,state,MO,TRUE
2022,253,269,382,748,0.103448275862069,116,state,MO,TRUE
2023,226,290,396,756,0.120689655172414,116,state,MO,TRUE
2024,262,,,,0,78,state,MO,TRUE
1998,52,71,71,71,1,83,state,MS,FALSE
1999,69,77,77,77,1,83,state,MS,FALSE
2000,96,80,80,80,1,83,state,MS,FALSE
2002,87,72,72,72,1,83,state,MS,FALSE
2003,72,80,80,80,1,83,state,MS,FALSE
2004,68,81,81,81,1,83,state,MS,FALSE
2005,66,75,75,75,1,83,state,MS,FALSE
2006,66,78,78,78,1,83,state,MS,FALSE
2007,67,81,81,81,1,83,state,MS,FALSE
2008,67,90,90,90,1,83,state,MS,FALSE
2009,66,88,88,88,1,83,state,MS,FALSE
2010,65,89,89,89,1,83,state,MS,FALSE
2011,63,93,93,93,1,83,state,MS,FALSE
2012,67,86,86,86,1,83,state,MS,FALSE
2013,62,58,58,58,1,83,state,MS,FALSE
2014,59,64,64,64,1,83,state,MS,FALSE
2015,69,66,66,66,1,83,state,MS,FALSE
2016,68,66,66,66,1,83,state,MS,FALSE
2017,66,15,25,343,0.0240963855421687,83,state,MS,TRUE
2018,70,10,25,345,0.0120481927710843,83,state,MS,TRUE
2019,78,10,28,346,0.0120481927710843,83,state,MS,TRUE
2020,84,10,24,344,0.0120481927710843,83,state,MS,TRUE
2021,74,9,27,345,0.0120481927710843,83,state,MS,TRUE
2022,82,29,49,359,0.036144578313253,83,state,MS,TRUE
2023,80,24,47,357,0.0240963855421687,83,state,MS,TRUE
2024,96,,,,0,52,state,MS,TRUE
1998,38,71,71,71,1,57,state,MT,FALSE
1999,26,82,82,82,1,57,state,MT,FALSE
2000,31,86,86,86,1,57,state,MT,FALSE
2002,37,92,92,92,1,57,state,MT,FALSE
2003,25,99,99,99,1,57,state,MT,FALSE
2004,31,97,97,97,1,57,state,MT,FALSE
2005,32,97,97,97,1,57,state,MT,FALSE
2006,33,99,99,99,1,57,state,MT,FALSE
2007,37,101,101,101,1,57,state,MT,FALSE
2008,37,82,82,82,1,57,state,MT,FALSE
2009,39,88,88,88,1,57,state,MT,FALSE
2010,38,101,101,101,1,57,state,MT,FALSE
2011,44,102,102,102,1,57,state,MT,FALSE
2012,51,99,99,99,1,57,state,MT,FALSE
2013,57,92,92,92,1,57,state,MT,FALSE
2014,53,98,98,98,1,57,state,MT,FALSE
2015,50,98,98,98,1,57,state,MT,FALSE
2016,44,99,99,99,1,57,state,MT,FALSE
2017,60,48,79,283,0.0526315789473684,57,state,MT,TRUE
2018,66,50,81,285,0.0526315789473684,57,state,MT,TRUE
2019,71,50,84,288,0.0526315789473684,57,state,MT,TRUE
2020,115,63,84,288,0.0701754385964912,57,state,MT,TRUE
2021,110,65,102,300,0.0701754385964912,57,state,MT,TRUE
2022,99,65,103,301,0.0701754385964912,57,state,MT,TRUE
2023,68,62,103,301,0.0701754385964912,57,state,MT,TRUE
2024,72,,,,0,29,state,MT,TRUE
1998,177,266,266,266,1,101,state,NC,FALSE
1999,205,261,261,261,1,101,state,NC,FALSE
2000,195,250,250,250,1,101,state,NC,FALSE
2002,216,279,279,279,1,101,state,NC,FALSE
2003,195,281,281,281,1,101,state,NC,FALSE
2004,247,309,309,309,1,101,state,NC,FALSE
2005,247,337,337,337,1,101,state,NC,FALSE
2006,251,392,392,392,1,101,state,NC,FALSE
2007,296,526,526,526,1,101,state,NC,FALSE
2008,311,604,604,604,1,101,state,NC,FALSE
2009,339,625,625,625,1,101,state,NC,FALSE
2010,340,664,664,664,1,101,state,NC,FALSE
2011,346,601,601,601,1,101,state,NC,FALSE
2012,348,598,598,598,1,101,state,NC,FALSE
2013,354,614,614,614,1,101,state,NC,FALSE
2014,391,619,619,619,1,101,state,NC,FALSE
2015,360,628,628,628,1,101,state,NC,FALSE
2016,410,624,624,624,1,101,state,NC,FALSE
2017,424,433,626,872,0.198019801980198,101,state,NC,TRUE
2018,473,431,638,890,0.178217821782178,101,state,NC,TRUE
2019,479,442,656,904,0.178217821782178,101,state,NC,TRUE
2020,538,402,635,885,0.168316831683168,101,state,NC,TRUE
2021,450,444,645,903,0.168316831683168,101,state,NC,TRUE
2022,499,509,711,955,0.198019801980198,101,state,NC,TRUE
2023,448,501,727,973,0.178217821782178,101,state,NC,TRUE
2024,477,,,,0,84,state,NC,TRUE
1998,39,9,9,9,1,54,state,ND,FALSE
1999,35,11,11,11,1,54,state,ND,FALSE
2000,43,12,12,12,1,54,state,ND,FALSE
2002,45,17,17,17,1,54,state,ND,FALSE
2003,36,23,23,23,1,54,state,ND,FALSE
2004,43,21,21,21,1,54,state,ND,FALSE
2005,48,23,23,23,1,54,state,ND,FALSE
2006,53,22,22,22,1,54,state,ND,FALSE
2007,53,30,30,30,1,54,state,ND,FALSE
2008,55,20,20,20,1,54,state,ND,FALSE
2009,52,26,26,26,1,54,state,ND,FALSE
2010,49,30,30,30,1,54,state,ND,FALSE
2011,51,28,28,28,1,54,state,ND,FALSE
2012,57,29,29,29,1,54,state,ND,FALSE
2013,55,27,27,27,1,54,state,ND,FALSE
2014,56,26,26,26,1,54,state,ND,FALSE
2015,55,24,24,24,1,54,state,ND,FALSE
2016,55,25,25,25,1,54,state,ND,FALSE
2017,59,7,14,224,0.0185185185185185,54,state,ND,TRUE
2018,70,16,16,224,0.037037037037037,54,state,ND,TRUE
2019,70,17,17,225,0.037037037037037,54,state,ND,TRUE
2020,70,17,17,225,0.037037037037037,54,state,ND,TRUE
2021,63,26,26,234,0.037037037037037,54,state,ND,TRUE
2022,55,33,33,241,0.037037037037037,54,state,ND,TRUE
2023,59,37,37,245,0.037037037037037,54,state,ND,TRUE
2024,66,,,,0,17,state,ND,TRUE
1998,109,85,85,85,1,94,state,NE,FALSE
1999,81,79,79,79,1,94,state,NE,FALSE
2000,85,81,81,81,1,94,state,NE,FALSE
2002,91,109,109,109,1,94,state,NE,FALSE
2003,75,116,116,116,1,94,state,NE,FALSE
2004,81,126,126,126,1,94,state,NE,FALSE
2005,82,139,139,139,1,94,state,NE,FALSE
2006,84,133,133,133,1,94,state,NE,FALSE
2007,83,134,134,134,1,94,state,NE,FALSE
2008,89,134,134,134,1,94,state,NE,FALSE
2009,94,138,138,138,1,94,state,NE,FALSE
2010,97,150,150,150,1,94,state,NE,FALSE
2011,97,148,148,148,1,94,state,NE,FALSE
2012,102,143,143,143,1,94,state,NE,FALSE
2013,88,142,142,142,1,94,state,NE,FALSE
2014,83,147,147,147,1,94,state,NE,FALSE
2015,105,142,142,142,1,94,state,NE,FALSE
2016,109,158,158,158,1,94,state,NE,FALSE
2017,112,94,115,473,0.0212765957446809,94,state,NE,TRUE
2018,115,96,118,476,0.0212765957446809,94,state,NE,TRUE
2019,114,109,141,495,0.0212765957446809,94,state,NE,TRUE
2020,113,111,148,500,0.0212765957446809,94,state,NE,TRUE
2021,101,114,150,504,0.0212765957446809,94,state,NE,TRUE
2022,102,127,169,521,0.0212765957446809,94,state,NE,TRUE
2023,94,121,156,512,0.0212765957446809,94,state,NE,TRUE
2024,124,,,,0,31,state,NE,TRUE
1998,47,94,94,94,1,10,state,NH,FALSE
1999,27,97,97,97,1,10,state,NH,FALSE
2000,42,94,94,94,1,11,state,NH,FALSE
2002,48,85,85,85,1,11,state,NH,FALSE
2003,37,77,77,77,1,11,state,NH,FALSE
2004,41,76,76,76,1,11,state,NH,FALSE
2005,37,76,76,76,1,11,state,NH,FALSE
2006,36,74,74,74,1,11,state,NH,FALSE
2007,37,76,76,76,1,11,state,NH,FALSE
2008,34,82,82,82,1,11,state,NH,FALSE
2009,35,83,83,83,1,11,state,NH,FALSE
2010,32,79,79,79,1,11,state,NH,FALSE
2011,38,79,79,79,1,11,state,NH,FALSE
2012,40,72,72,72,1,11,state,NH,FALSE
2013,37,71,71,71,1,11,state,NH,FALSE
2014,36,80,80,80,1,11,state,NH,FALSE
2015,43,89,89,89,1,11,state,NH,FALSE
2016,52,92,92,92,1,11,state,NH,FALSE
2017,67,50,71,95,0.272727272727273,11,state,NH,TRUE
2018,72,59,83,107,0.272727272727273,11,state,NH,TRUE
2019,76,89,109,127,0.454545454545455,11,state,NH,TRUE
2020,81,73,93,115,0.363636363636364,11,state,NH,TRUE
2021,67,71,93,113,0.363636363636364,11,state,NH,TRUE
2022,100,84,104,122,0.454545454545455,11,state,NH,TRUE
2023,88,108,119,135,0.545454545454545,11,state,NH,TRUE
2024,81,,,,0,9,state,NH,TRUE
1998,186,284,284,284,1,22,state,NJ,FALSE
1999,203,269,269,269,1,22,state,NJ,FALSE
2000,224,335,335,335,1,22,state,NJ,FALSE
2002,251,397,397,397,1,22,state,NJ,FALSE
2003,212,343,343,343,1,22,state,NJ,FALSE
2004,251,350,350,350,1,22,state,NJ,FALSE
2005,266,347,347,347,1,22,state,NJ,FALSE
2006,259,353,353,353,1,22,state,NJ,FALSE
2007,262,350,350,350,1,22,state,NJ,FALSE
2008,267,317,317,317,1,22,state,NJ,FALSE
2009,269,322,322,322,1,22,state,NJ,FALSE
2010,277,333,333,333,1,22,state,NJ,FALSE
2011,304,346,346,346,1,22,state,NJ,FALSE
2012,308,410,410,410,1,22,state,NJ,FALSE
2013,301,420,420,420,1,22,state,NJ,FALSE
2014,301,422,422,422,1,22,state,NJ,FALSE
2015,290,444,444,444,1,22,state,NJ,FALSE
2016,291,474,474,474,1,22,state,NJ,FALSE
2017,312,458,495,509,0.727272727272727,22,state,NJ,TRUE
2018,334,463,507,523,0.681818181818182,22,state,NJ,TRUE
2019,338,486,528,542,0.727272727272727,22,state,NJ,TRUE
2020,343,485,531,547,0.681818181818182,22,state,NJ,TRUE
2021,316,550,585,595,0.818181818181818,22,state,NJ,TRUE
2022,358,579,615,625,0.818181818181818,22,state,NJ,TRUE
2023,331,563,606,618,0.772727272727273,22,state,NJ,TRUE
2024,356,,,,0,21,state,NJ,TRUE
1998,77,54,54,54,1,34,state,NM,FALSE
1999,67,52,52,52,1,34,state,NM,FALSE
2000,69,59,59,59,1,34,state,NM,FALSE
2002,50,67,67,67,1,34,state,NM,FALSE
2003,51,73,73,73,1,34,state,NM,FALSE
2004,57,76,76,76,1,34,state,NM,FALSE
2005,54,75,75,75,1,34,state,NM,FALSE
2006,55,80,80,80,1,34,state,NM,FALSE
2007,71,102,102,102,1,34,state,NM,FALSE
2008,83,118,118,118,1,34,state,NM,FALSE
2009,83,118,118,118,1,34,state,NM,FALSE
2010,89,117,117,117,1,34,state,NM,FALSE
2011,95,108,108,108,1,34,state,NM,FALSE
2012,110,112,112,112,1,34,state,NM,FALSE
2013,95,104,104,104,1,34,state,NM,FALSE
2014,82,96,96,96,1,34,state,NM,FALSE
2015,121,105,105,105,1,34,state,NM,FALSE
2016,113,87,87,87,1,34,state,NM,FALSE
2017,119,54,81,193,0.0882352941176471,34,state,NM,TRUE
2018,130,42,76,190,0.0588235294117647,34,state,NM,TRUE
2019,140,47,85,199,0.0588235294117647,34,state,NM,TRUE
2020,133,51,88,204,0.0588235294117647,34,state,NM,TRUE
2021,98,57,99,213,0.0588235294117647,34,state,NM,TRUE
2022,97,69,101,217,0.0882352941176471,34,state,NM,TRUE
2023,141,73,104,220,0.0882352941176471,34,state,NM,TRUE
2024,132,,,,0,27,state,NM,TRUE
1998,45,49,49,49,1,18,state,NV,FALSE
1999,22,51,51,51,1,18,state,NV,FALSE
2000,38,45,45,45,1,18,state,NV,FALSE
2002,46,52,52,52,1,18,state,NV,FALSE
2003,49,54,54,54,1,18,state,NV,FALSE
2004,52,54,54,54,1,18,state,NV,FALSE
2005,53,56,56,56,1,18,state,NV,FALSE
2006,52,53,53,53,1,18,state,NV,FALSE
2007,49,52,52,52,1,18,state,NV,FALSE
2008,62,54,54,54,1,18,state,NV,FALSE
2009,65,54,54,54,1,18,state,NV,FALSE
2010,67,56,56,56,1,18,state,NV,FALSE
2011,62,60,60,60,1,18,state,NV,FALSE
2012,64,63,63,63,1,18,state,NV,FALSE
2013,60,71,71,71,1,18,state,NV,FALSE
2014,60,82,82,82,1,18,state,NV,FALSE
2015,62,88,88,88,1,18,state,NV,FALSE
2016,61,96,96,96,1,18,state,NV,FALSE
2017,60,128,131,193,0.111111111111111,18,state,NV,TRUE
2018,68,127,130,192,0.111111111111111,18,state,NV,TRUE
2019,80,126,129,191,0.111111111111111,18,state,NV,TRUE
2020,88,126,129,191,0.111111111111111,18,state,NV,TRUE
2021,72,144,150,210,0.111111111111111,18,state,NV,TRUE
2022,70,143,155,213,0.111111111111111,18,state,NV,TRUE
2023,82,144,171,227,0.111111111111111,18,state,NV,TRUE
2024,96,,,,0,10,state,NV,TRUE
1998,1061,991,991,991,1,63,state,NY,FALSE
1999,1044,1015,1015,1015,1,63,state,NY,FALSE
2000,1135,1021,1021,1021,1,63,state,NY,FALSE
2002,1122,1075,1075,1075,1,63,state,NY,FALSE
2003,956,1096,1096,1096,1,63,state,NY,FALSE
2004,958,1100,1100,1100,1,63,state,NY,FALSE
2005,911,1105,1105,1105,1,63,state,NY,FALSE
2006,911,1196,1196,1196,1,63,state,NY,FALSE
2007,893,1195,1195,1195,1,63,state,NY,FALSE
2008,878,1254,1254,1254,1,63,state,NY,FALSE
2009,873,1235,1235,1235,1,63,state,NY,FALSE
2010,913,1264,1264,1264,1,63,state,NY,FALSE
2011,812,1259,1259,1259,1,63,state,NY,FALSE
2012,807,1302,1302,1302,1,63,state,NY,FALSE
2013,790,1263,1263,1263,1,63,state,NY,FALSE
2014,803,1289,1289,1289,1,63,state,NY,FALSE
2015,779,1296,1296,1296,1,63,state,NY,FALSE
2016,804,1310,1310,1310,1,63,state,NY,FALSE
2017,766,1142,1249,1365,0.349206349206349,63,state,NY,TRUE
2018,822,1203,1309,1425,0.365079365079365,63,state,NY,TRUE
2019,839,1225,1324,1440,0.380952380952381,63,state,NY,TRUE
2020,803,1229,1316,1424,0.428571428571429,63,state,NY,TRUE
2021,708,1277,1353,1463,0.428571428571429,63,state,NY,TRUE
2022,654,1295,1367,1469,0.46031746031746,63,state,NY,TRUE
2023,627,1147,1242,1340,0.46031746031746,63,state,NY,TRUE
2024,643,,,,0,54,state,NY,TRUE
1998,457,477,477,477,1,89,state,OH,FALSE
1999,297,488,488,488,1,89,state,OH,FALSE
2000,447,467,467,467,1,89,state,OH,FALSE
2002,428,473,473,473,1,89,state,OH,FALSE
2003,378,521,521,521,1,89,state,OH,FALSE
2004,388,512,512,512,1,89,state,OH,FALSE
2005,355,507,507,507,1,89,state,OH,FALSE
2006,345,528,528,528,1,89,state,OH,FALSE
2007,337,492,492,492,1,89,state,OH,FALSE
2008,328,539,539,539,1,89,state,OH,FALSE
2009,314,550,550,550,1,89,state,OH,FALSE
2010,296,554,554,554,1,89,state,OH,FALSE
2011,302,549,549,549,1,89,state,OH,FALSE
2012,288,575,575,575,1,89,state,OH,FALSE
2013,286,568,568,568,1,89,state,OH,FALSE
2014,302,575,575,575,1,89,state,OH,FALSE
2015,310,616,616,616,1,89,state,OH,FALSE
2016,333,662,662,662,1,89,state,OH,FALSE
2017,359,491,644,866,0.202247191011236,89,state,OH,TRUE
2018,415,559,714,934,0.213483146067416,89,state,OH,TRUE
2019,447,635,793,1003,0.247191011235955,89,state,OH,TRUE
2020,489,679,821,1025,0.269662921348315,89,state,OH,TRUE
2021,439,696,866,1064,0.269662921348315,89,state,OH,TRUE
2022,465,793,948,1138,0.303370786516854,89,state,OH,TRUE
2023,473,823,983,1175,0.303370786516854,89,state,OH,TRUE
2024,516,,,,0,83,state,OH,TRUE
1998,134,206,206,206,1,78,state,OK,FALSE
1999,121,191,191,191,1,78,state,OK,FALSE
2000,105,193,193,193,1,78,state,OK,FALSE
2002,127,221,221,221,1,78,state,OK,FALSE
2003,105,167,167,167,1,78,state,OK,FALSE
2004,110,164,164,164,1,78,state,OK,FALSE
2005,105,164,164,164,1,78,state,OK,FALSE
2006,121,159,159,159,1,78,state,OK,FALSE
2007,140,175,175,175,1,78,state,OK,FALSE
2008,135,170,170,170,1,78,state,OK,FALSE
2009,146,174,174,174,1,78,state,OK,FALSE
2010,146,171,171,171,1,78,state,OK,FALSE
2011,162,170,170,170,1,78,state,OK,FALSE
2012,175,186,186,186,1,78,state,OK,FALSE
2013,163,185,185,185,1,78,state,OK,FALSE
2014,166,200,200,200,1,78,state,OK,FALSE
2015,145,200,200,200,1,78,state,OK,FALSE
2016,133,217,217,217,1,78,state,OK,FALSE
2017,162,80,153,423,0.0256410256410256,78,state,OK,TRUE
2018,171,79,153,421,0.0256410256410256,78,state,OK,TRUE
2019,182,86,164,430,0.0256410256410256,78,state,OK,TRUE
2020,173,92,162,432,0.0256410256410256,78,state,OK,TRUE
2021,142,103,183,445,0.0384615384615385,78,state,OK,TRUE
2022,156,110,193,455,0.0384615384615385,78,state,OK,TRUE
2023,138,143,213,465,0.0769230769230769,78,state,OK,TRUE
2024,135,,,,0,49,state,OK,TRUE
1998,173,182,182,182,1,37,state,OR,FALSE
1999,172,186,186,186,1,37,state,OR,FALSE
2000,180,200,200,200,1,37,state,OR,FALSE
2002,185,211,211,211,1,37,state,OR,FALSE
2003,164,225,225,225,1,37,state,OR,FALSE
2004,185,221,221,221,1,37,state,OR,FALSE
2005,183,213,213,213,1,37,state,OR,FALSE
2006,186,221,221,221,1,37,state,OR,FALSE
2007,192,229,229,229,1,37,state,OR,FALSE
2008,210,268,268,268,1,37,state,OR,FALSE
2009,222,269,269,269,1,37,state,OR,FALSE
2010,189,308,308,308,1,37,state,OR,FALSE
2011,207,312,312,312,1,37,state,OR,FALSE
2012,206,332,332,332,1,37,state,OR,FALSE
2013,207,344,344,344,1,37,state,OR,FALSE
2014,208,345,345,345,1,37,state,OR,FALSE
2015,202,352,352,352,1,37,state,OR,FALSE
2016,187,375,375,375,1,37,state,OR,FALSE
2017,201,321,357,445,0.297297297297297,37,state,OR,TRUE
2018,209,319,358,444,0.297297297297297,37,state,OR,TRUE
2019,214,365,399,485,0.297297297297297,37,state,OR,TRUE
2020,213,369,396,480,0.324324324324324,37,state,OR,TRUE
2021,173,415,440,520,0.351351351351351,37,state,OR,TRUE
2022,174,450,487,565,0.351351351351351,37,state,OR,TRUE
2023,187,474,504,582,0.378378378378378,37,state,OR,TRUE
2024,198,,,,0,33,state,OR,TRUE
1998,456,595,595,595,1,68,state,PA,FALSE
1999,462,622,622,622,1,68,state,PA,FALSE
2000,443,641,641,641,1,68,state,PA,FALSE
2002,431,639,639,639,1,68,state,PA,FALSE
2003,368,751,751,751,1,68,state,PA,FALSE
2004,363,768,768,768,1,68,state,PA,FALSE
2005,349,839,839,839,1,68,state,PA,FALSE
2006,353,869,869,869,1,68,state,PA,FALSE
2007,410,833,833,833,1,68,state,PA,FALSE
2008,435,841,841,841,1,68,state,PA,FALSE
2009,437,858,858,858,1,68,state,PA,FALSE
2010,451,899,899,899,1,68,state,PA,FALSE
2011,461,912,912,912,1,68,state,PA,FALSE
2012,457,980,980,980,1,68,state,PA,FALSE
2013,432,967,967,967,1,68,state,PA,FALSE
2014,479,996,996,996,1,68,state,PA,FALSE
2015,468,1006,1006,1006,1,68,state,PA,FALSE
2016,475,1035,1035,1035,1,68,state,PA,FALSE
2017,484,933,1038,1154,0.426470588235294,68,state,PA,TRUE
2018,541,984,1098,1214,0.441176470588235,68,state,PA,TRUE
2019,558,1044,1151,1267,0.455882352941176,68,state,PA,TRUE
2020,559,1017,1133,1251,0.441176470588235,68,state,PA,TRUE
2021,480,989,1074,1192,0.470588235294118,68,state,PA,TRUE
2022,468,946,1046,1162,0.455882352941176,68,state,PA,TRUE
2023,477,1010,1098,1212,0.470588235294118,68,state,PA,TRUE
2024,521,,,,0,65,state,PA,TRUE
1998,26,91,91,91,1,5,state,RI,FALSE
1999,7,93,93,93,1,5,state,RI,FALSE
2000,33,97,97,97,1,6,state,RI,FALSE
2002,46,97,97,97,1,6,state,RI,FALSE
2003,45,78,78,78,1,6,state,RI,FALSE
2004,49,81,81,81,1,6,state,RI,FALSE
2005,48,87,87,87,1,6,state,RI,FALSE
2006,47,83,83,83,1,6,state,RI,FALSE
2007,46,94,94,94,1,6,state,RI,FALSE
2008,48,91,91,91,1,6,state,RI,FALSE
2009,54,91,91,91,1,6,state,RI,FALSE
2010,50,88,88,88,1,6,state,RI,FALSE
2011,50,95,95,95,1,6,state,RI,FALSE
2012,54,105,105,105,1,6,state,RI,FALSE
2013,54,105,105,105,1,6,state,RI,FALSE
2014,55,108,108,108,1,6,state,RI,FALSE
2015,46,107,107,107,1,6,state,RI,FALSE
2016,48,105,105,105,1,6,state,RI,FALSE
2017,46,94,99,109,0.5,6,state,RI,TRUE
2018,54,95,98,108,0.5,6,state,RI,TRUE
2019,58,96,99,109,0.5,6,state,RI,TRUE
2020,57,94,98,108,0.5,6,state,RI,TRUE
2021,50,100,103,109,0.666666666666667,6,state,RI,TRUE
2022,54,103,106,112,0.666666666666667,6,state,RI,TRUE
2023,53,121,121,125,0.833333333333333,6,state,RI,TRUE
2024,50,,,,0,4,state,RI,TRUE
1998,59,80,80,80,1,47,state,SC,FALSE
1999,75,82,82,82,1,47,state,SC,FALSE
2000,75,81,81,81,1,47,state,SC,FALSE
2002,77,72,72,72,1,47,state,SC,FALSE
2003,74,72,72,72,1,47,state,SC,FALSE
2004,75,82,82,82,1,47,state,SC,FALSE
2005,69,87,87,87,1,47,state,SC,FALSE
2006,71,85,85,85,1,47,state,SC,FALSE
2007,74,81,81,81,1,47,state,SC,FALSE
2008,75,82,82,82,1,47,state,SC,FALSE
2009,82,85,85,85,1,47,state,SC,FALSE
2010,84,87,87,87,1,47,state,SC,FALSE
2011,89,92,92,92,1,47,state,SC,FALSE
2012,81,98,98,98,1,47,state,SC,FALSE
2013,89,88,88,88,1,47,state,SC,FALSE
2014,87,98,98,98,1,47,state,SC,FALSE
2015,88,107,107,107,1,47,state,SC,FALSE
2016,91,107,107,107,1,47,state,SC,FALSE
2017,89,43,75,233,0.0638297872340426,47,state,SC,TRUE
2018,101,19,67,229,0.0212765957446809,47,state,SC,TRUE
2019,106,40,86,242,0.0638297872340426,47,state,SC,TRUE
2020,114,46,88,246,0.0638297872340426,47,state,SC,TRUE
2021,97,56,83,243,0.0851063829787234,47,state,SC,TRUE
2022,96,51,88,248,0.0638297872340426,47,state,SC,TRUE
2023,91,51,112,264,0.0638297872340426,47,state,SC,TRUE
2024,97,,,,0,42,state,SC,TRUE
1998,45,46,46,46,1,67,state,SD,FALSE
1999,33,48,48,48,1,67,state,SD,FALSE
2000,35,49,49,49,1,67,state,SD,FALSE
2002,37,48,48,48,1,67,state,SD,FALSE
2003,36,63,63,63,1,67,state,SD,FALSE
2004,38,74,74,74,1,67,state,SD,FALSE
2005,46,69,69,69,1,67,state,SD,FALSE
2006,48,71,71,71,1,67,state,SD,FALSE
2007,47,70,70,70,1,67,state,SD,FALSE
2008,45,74,74,74,0.985294117647059,68,state,SD,FALSE
2009,43,78,78,78,0.985294117647059,68,state,SD,FALSE
2010,45,83,83,83,1,67,state,SD,FALSE
2011,50,89,89,89,0.985294117647059,68,state,SD,FALSE
2012,55,59,59,59,0.985294117647059,68,state,SD,FALSE
2013,51,59,59,59,0.985294117647059,68,state,SD,FALSE
2014,61,75,75,75,0.985294117647059,68,state,SD,FALSE
2015,52,80,80,80,0.985294117647059,68,state,SD,FALSE
2016,46,83,83,83,0.985294117647059,68,state,SD,FALSE
2017,49,25,28,286,0.0298507462686567,67,state,SD,TRUE
2018,49,26,29,287,0.0298507462686567,67,state,SD,TRUE
2019,53,25,29,287,0.0298507462686567,67,state,SD,TRUE
2020,53,26,29,287,0.0298507462686567,67,state,SD,TRUE
2021,47,28,37,291,0.0298507462686567,67,state,SD,TRUE
2022,46,33,49,299,0.0298507462686567,67,state,SD,TRUE
2023,37,34,46,298,0.0298507462686567,67,state,SD,TRUE
2024,42,,,,0,18,state,SD,TRUE
1998,133,232,232,232,1,96,state,TN,FALSE
1999,116,247,247,247,1,96,state,TN,FALSE
2000,141,236,236,236,1,96,state,TN,FALSE
2002,143,260,260,260,1,96,state,TN,FALSE
2003,128,247,247,247,1,96,state,TN,FALSE
2004,148,251,251,251,1,96,state,TN,FALSE
2005,138,256,256,256,1,96,state,TN,FALSE
2006,152,265,265,265,1,96,state,TN,FALSE
2007,153,288,288,288,1,96,state,TN,FALSE
2008,155,328,328,328,1,96,state,TN,FALSE
2009,146,335,335,335,1,96,state,TN,FALSE
2010,151,337,337,337,1,96,state,TN,FALSE
2011,167,339,339,339,1,96,state,TN,FALSE
2012,173,340,340,340,1,96,state,TN,FALSE
2013,161,354,354,354,1,96,state,TN,FALSE
2014,162,354,354,354,1,96,state,TN,FALSE
2015,185,403,403,403,1,96,state,TN,FALSE
2016,182,400,400,400,1,96,state,TN,FALSE
2017,197,261,340,642,0.135416666666667,96,state,TN,TRUE
2018,229,265,346,646,0.135416666666667,96,state,TN,TRUE
2019,283,321,394,686,0.166666666666667,96,state,TN,TRUE
2020,289,321,403,695,0.15625,96,state,TN,TRUE
2021,259,352,442,730,0.15625,96,state,TN,TRUE
2022,275,381,478,762,0.166666666666667,96,state,TN,TRUE
2023,268,355,488,774,0.135416666666667,96,state,TN,TRUE
2024,330,,,,0,75,state,TN,TRUE
1998,547,497,497,497,1,255,state,TX,FALSE
1999,416,498,498,498,1,255,state,TX,FALSE
2000,612,498,498,498,1,255,state,TX,FALSE
2002,494,552,552,552,1,254,state,TX,FALSE
2003,443,556,556,556,1,255,state,TX,FALSE
2004,479,561,561,561,1,255,state,TX,FALSE
2005,433,538,538,538,1,253,state,TX,FALSE
2006,420,521,521,521,1,253,state,TX,FALSE
2007,421,502,502,502,1,254,state,TX,FALSE
2008,388,532,532,532,1,254,state,TX,FALSE
2009,382,536,536,536,1,254,state,TX,FALSE
2010,377,549,549,549,1,254,state,TX,FALSE
2011,394,555,555,555,1,253,state,TX,FALSE
2012,377,566,566,566,1,254,state,TX,FALSE
2013,365,577,577,577,1,254,state,TX,FALSE
2014,376,582,582,582,1,254,state,TX,FALSE
2015,372,618,618,618,1,254,state,TX,FALSE
2016,384,659,659,659,1,255,state,TX,FALSE
2017,380,502,592,1504,0.0708661417322835,254,state,TX,TRUE
2018,452,520,609,1517,0.0748031496062992,254,state,TX,TRUE
2019,453,575,656,1558,0.078740157480315,254,state,TX,TRUE
2020,465,540,658,1572,0.0669291338582677,254,state,TX,TRUE
2021,400,625,716,1618,0.0826771653543307,254,state,TX,TRUE
2022,444,746,822,1716,0.0905511811023622,254,state,TX,TRUE
2023,411,752,844,1736,0.0866141732283465,254,state,TX,TRUE
2024,449,,,,0,94,state,TX,TRUE
1998,104,84,84,84,1,30,state,UT,FALSE
1999,91,74,74,74,1,30,state,UT,FALSE
2000,105,64,64,64,1,30,state,UT,FALSE
2002,110,91,91,91,1,30,state,UT,FALSE
2003,82,109,109,109,1,30,state,UT,FALSE
2004,102,105,105,105,1,30,state,UT,FALSE
2005,95,111,111,111,1,30,state,UT,FALSE
2006,100,122,122,122,1,30,state,UT,FALSE
2007,110,141,141,141,1,30,state,UT,FALSE
2008,113,159,159,159,1,30,state,UT,FALSE
2009,114,153,153,153,1,30,state,UT,FALSE
2010,124,156,156,156,1,30,state,UT,FALSE
2011,130,162,162,162,1,30,state,UT,FALSE
2012,137,181,181,181,1,30,state,UT,FALSE
2013,136,190,190,190,1,30,state,UT,FALSE
2014,147,200,200,200,1,30,state,UT,FALSE
2015,150,227,227,227,1,30,state,UT,FALSE
2016,187,260,260,260,1,30,state,UT,FALSE
2017,214,233,253,345,0.166666666666667,30,state,UT,TRUE
2018,258,249,269,361,0.166666666666667,30,state,UT,TRUE
2019,290,252,275,365,0.166666666666667,30,state,UT,TRUE
2020,305,260,285,375,0.166666666666667,30,state,UT,TRUE
2021,268,314,326,412,0.233333333333333,30,state,UT,TRUE
2022,263,360,377,461,0.233333333333333,30,state,UT,TRUE
2023,258,418,436,520,0.233333333333333,30,state,UT,TRUE
2024,278,,,,0,24,state,UT,TRUE
1998,111,169,169,169,1,136,state,VA,FALSE
1999,107,186,186,186,1,136,state,VA,FALSE
2000,105,182,182,182,1,136,state,VA,FALSE
2002,116,173,173,173,1,135,state,VA,FALSE
2003,104,193,193,193,1,135,state,VA,FALSE
2004,116,203,203,203,1,135,state,VA,FALSE
2005,104,217,217,217,1,135,state,VA,FALSE
2006,103,217,217,217,1,135,state,VA,FALSE
2007,106,235,235,235,1,135,state,VA,FALSE
2008,109,236,236,236,1,135,state,VA,FALSE
2009,110,234,234,234,1,135,state,VA,FALSE
2010,111,234,234,234,1,135,state,VA,FALSE
2011,140,234,234,234,1,135,state,VA,FALSE
2012,143,278,278,278,1,135,state,VA,FALSE
2013,139,294,294,294,1,135,state,VA,FALSE
2014,139,306,306,306,1,135,state,VA,FALSE
2015,200,321,321,321,1,135,state,VA,FALSE
2016,195,331,331,331,1,135,state,VA,FALSE
2017,187,178,263,723,0.0746268656716418,134,state,VA,TRUE
2018,209,188,285,745,0.0746268656716418,134,state,VA,TRUE
2019,210,213,324,780,0.082089552238806,134,state,VA,TRUE
2020,206,224,338,790,0.082089552238806,134,state,VA,TRUE
2021,169,252,363,809,0.0970149253731343,134,state,VA,TRUE
2022,197,324,492,910,0.111940298507463,134,state,VA,TRUE
2023,181,362,567,975,0.111940298507463,134,state,VA,TRUE
2024,283,,,,0,80,state,VA,TRUE
1998,18,56,56,56,1,14,state,VT,FALSE
1999,23,56,56,56,1,14,state,VT,FALSE
2000,31,59,59,59,1,15,state,VT,FALSE
2002,26,57,57,57,1,15,state,VT,FALSE
2003,22,66,66,66,1,15,state,VT,FALSE
2004,27,73,73,73,1,15,state,VT,FALSE
2005,26,74,74,74,1,15,state,VT,FALSE
2006,27,73,73,73,1,15,state,VT,FALSE
2007,27,76,76,76,1,15,state,VT,FALSE
2008,32,84,84,84,1,15,state,VT,FALSE
2009,29,95,95,95,1,15,state,VT,FALSE
2010,29,99,99,99,1,15,state,VT,FALSE
2011,28,100,100,100,1,15,state,VT,FALSE
2012,31,101,101,101,1,15,state,VT,FALSE
2013,32,106,106,106,1,15,state,VT,FALSE
2014,36,111,111,111,1,15,state,VT,FALSE
2015,36,116,116,116,1,15,state,VT,FALSE
2016,34,120,120,120,1,15,state,VT,FALSE
2017,34,104,115,141,0.466666666666667,15,state,VT,TRUE
2018,37,101,112,138,0.466666666666667,15,state,VT,TRUE
2019,40,104,115,141,0.466666666666667,15,state,VT,TRUE
2020,38,103,114,140,0.466666666666667,15,state,VT,TRUE
2021,33,104,115,141,0.466666666666667,15,state,VT,TRUE
2022,29,108,128,150,0.466666666666667,15,state,VT,TRUE
2023,47,107,132,156,0.4,15,state,VT,TRUE
2024,48,,,,0,12,state,VT,TRUE
1998,303,293,293,293,1,40,state,WA,FALSE
1999,284,315,315,315,1,40,state,WA,FALSE
2000,268,313,313,313,1,40,state,WA,FALSE
2002,266,311,311,311,1,40,state,WA,FALSE
2003,262,331,331,331,1,40,state,WA,FALSE
2004,291,348,348,348,1,40,state,WA,FALSE
2005,332,346,346,346,1,40,state,WA,FALSE
2006,375,335,335,335,1,40,state,WA,FALSE
2007,387,358,358,358,1,40,state,WA,FALSE
2008,385,383,383,383,1,40,state,WA,FALSE
2009,380,385,385,385,1,40,state,WA,FALSE
2010,411,397,397,397,1,40,state,WA,FALSE
2011,412,402,402,402,1,40,state,WA,FALSE
2012,415,420,420,420,1,40,state,WA,FALSE
2013,399,444,444,444,1,40,state,WA,FALSE
2014,399,449,449,449,1,40,state,WA,FALSE
2015,374,478,478,478,1,40,state,WA,FALSE
2016,375,496,496,496,1,40,state,WA,FALSE
2017,360,453,506,602,0.275,40,state,WA,TRUE
2018,426,477,526,618,0.3,40,state,WA,TRUE
2019,417,519,579,665,0.3,40,state,WA,TRUE
2020,417,496,548,634,0.325,40,state,WA,TRUE
2021,361,518,585,671,0.3,40,state,WA,TRUE
2022,347,546,623,709,0.3,40,state,WA,TRUE
2023,302,512,597,683,0.275,40,state,WA,TRUE
2024,263,,,,0,32,state,WA,TRUE
1998,71,289,289,289,1,73,state,WI,FALSE
1999,84,291,291,291,1,73,state,WI,FALSE
2000,166,294,294,294,1,73,state,WI,FALSE
2002,236,362,362,362,1,73,state,WI,FALSE
2003,164,336,336,336,1,73,state,WI,FALSE
2004,201,337,337,337,1,73,state,WI,FALSE
2005,192,338,338,338,1,73,state,WI,FALSE
2006,195,336,336,336,1,73,state,WI,FALSE
2007,206,336,336,336,1,73,state,WI,FALSE
2008,201,359,359,359,1,73,state,WI,FALSE
2009,211,355,355,355,1,73,state,WI,FALSE
2010,211,357,357,357,1,73,state,WI,FALSE
2011,212,359,359,359,1,73,state,WI,FALSE
2012,209,377,377,377,1,73,state,WI,FALSE
2013,198,368,368,368,1,73,state,WI,FALSE
2014,199,361,361,361,1,73,state,WI,FALSE
2015,226,370,370,370,1,73,state,WI,FALSE
2016,216,378,378,378,1,73,state,WI,FALSE
2017,244,236,306,524,0.136986301369863,73,state,WI,TRUE
2018,247,224,300,514,0.136986301369863,73,state,WI,TRUE
2019,249,233,293,515,0.136986301369863,73,state,WI,TRUE
2020,255,226,286,508,0.136986301369863,73,state,WI,TRUE
2021,213,237,303,523,0.136986301369863,73,state,WI,TRUE
2022,211,239,317,539,0.123287671232877,73,state,WI,TRUE
2023,203,272,359,573,0.150684931506849,73,state,WI,TRUE
2024,201,,,,0,56,state,WI,TRUE
1998,73,123,123,123,1,56,state,WV,FALSE
1999,122,122,122,122,1,56,state,WV,FALSE
2000,97,116,116,116,1,56,state,WV,FALSE
2002,78,125,125,125,1,56,state,WV,FALSE
2003,74,104,104,104,1,56,state,WV,FALSE
2004,66,107,107,107,1,56,state,WV,FALSE
2005,62,118,118,118,1,56,state,WV,FALSE
2006,60,106,106,106,1,56,state,WV,FALSE
2007,63,104,104,104,1,56,state,WV,FALSE
2008,62,109,109,109,1,56,state,WV,FALSE
2009,62,113,113,113,1,56,state,WV,FALSE
2010,62,117,117,117,1,56,state,WV,FALSE
2011,79,124,124,124,1,56,state,WV,FALSE
2012,78,128,128,128,1,56,state,WV,FALSE
2013,86,130,130,130,1,56,state,WV,FALSE
2014,92,131,131,131,1,56,state,WV,FALSE
2015,90,136,136,136,1,56,state,WV,FALSE
2016,94,141,141,141,1,56,state,WV,FALSE
2017,90,54,80,270,0.0892857142857143,56,state,WV,TRUE
2018,93,53,89,279,0.0714285714285714,56,state,WV,TRUE
2019,87,57,115,295,0.0714285714285714,56,state,WV,TRUE
2020,93,70,122,304,0.0892857142857143,56,state,WV,TRUE
2021,74,93,155,329,0.107142857142857,56,state,WV,TRUE
2022,84,125,182,354,0.125,56,state,WV,TRUE
2023,74,136,173,347,0.142857142857143,56,state,WV,TRUE
2024,135,,,,0,44,state,WV,TRUE
1998,40,31,31,31,1,24,state,WY,FALSE
1999,41,35,35,35,1,24,state,WY,FALSE
2000,41,35,35,35,1,24,state,WY,FALSE
2002,38,51,51,51,1,24,state,WY,FALSE
2003,41,52,52,52,1,24,state,WY,FALSE
2004,37,51,51,51,1,24,state,WY,FALSE
2005,38,51,51,51,1,24,state,WY,FALSE
2006,41,50,50,50,1,24,state,WY,FALSE
2007,42,54,54,54,1,24,state,WY,FALSE
2008,41,56,56,56,1,24,state,WY,FALSE
2009,39,58,58,58,1,24,state,WY,FALSE
2010,38,58,58,58,1,24,state,WY,FALSE
2011,43,56,56,56,1,24,state,WY,FALSE
2012,42,59,59,59,1,24,state,WY,FALSE
2013,44,58,58,58,1,24,state,WY,FALSE
2014,52,65,65,65,1,24,state,WY,FALSE
2015,51,65,65,65,1,24,state,WY,FALSE
2016,46,71,71,71,1,24,state,WY,FALSE
2017,47,25,37,113,0.125,24,state,WY,TRUE
2018,50,25,35,113,0.125,24,state,WY,TRUE
2019,55,21,34,114,0.0833333333333333,24,state,WY,TRUE
2020,57,19,34,114,0.0833333333333333,24,state,WY,TRUE
2021,51,24,42,118,0.125,24,state,WY,TRUE
2022,48,15,42,116,0.0833333333333333,24,state,WY,TRUE
2023,45,7,35,113,0.0416666666666667,24,state,WY,TRUE
2024,50,,,,0,23,state,WY,TRUE
