survey_year,state,facility_count,assigned_count,high_confidence_count,fallback_count,unassigned_count,assigned_share,high_confidence_share
1998,AK,58,58,38,20,0,1.0,0.6551724137931034
1998,AL,59,58,43,15,1,0.9830508474576272,0.7288135593220338
1998,AR,63,60,49,11,3,0.9523809523809523,0.7777777777777778
1998,AZ,126,124,97,27,2,0.9841269841269841,0.7698412698412699
1998,CA,1264,1250,1059,191,14,0.9889240506329114,0.8378164556962026
1998,CO,203,203,180,23,0,1.0,0.8866995073891626
1998,CT,184,181,151,30,3,0.9836956521739131,0.8206521739130435
1998,DC,53,53,44,9,0,1.0,0.8301886792452831
1998,DE,41,41,28,13,0,1.0,0.6829268292682927
1998,FL,446,438,350,88,8,0.9820627802690582,0.7847533632286996
1998,GA,167,164,126,38,3,0.9820359281437125,0.7544910179640718
1998,HI,34,34,20,14,0,1.0,0.5882352941176471
1998,IA,87,87,65,22,0,1.0,0.7471264367816092
1998,ID,41,41,35,6,0,1.0,0.8536585365853658
1998,IL,477,477,402,75,0,1.0,0.8427672955974843
1998,IN,262,261,238,23,1,0.9961832061068703,0.9083969465648855
1998,KS,132,132,109,23,0,1.0,0.8257575757575758
1998,KY,266,262,182,80,4,0.9849624060150376,0.6842105263157895
1998,LA,117,111,92,19,6,0.9487179487179487,0.7863247863247863
1998,MA,255,251,228,23,4,0.984313725490196,0.8941176470588236
1998,MD,282,278,233,45,4,0.9858156028368794,0.8262411347517731
1998,ME,153,150,102,48,3,0.9803921568627451,0.6666666666666666
1998,MI,278,278,239,39,0,1.0,0.8597122302158273
1998,MN,247,245,184,61,2,0.9919028340080972,0.7449392712550608
1998,MO,144,144,118,26,0,1.0,0.8194444444444444
1998,MS,54,52,37,15,2,0.9629629629629629,0.6851851851851852
1998,MT,40,38,30,8,2,0.95,0.75
1998,NC,180,178,151,27,2,0.9888888888888889,0.8388888888888889
1998,ND,43,39,29,10,4,0.9069767441860465,0.6744186046511628
1998,NE,110,109,81,28,1,0.990909090909091,0.7363636363636363
1998,NH,48,47,36,11,1,0.9791666666666666,0.75
1998,NJ,190,186,147,39,4,0.9789473684210527,0.7736842105263158
1998,NM,82,77,43,34,5,0.9390243902439024,0.524390243902439
1998,NV,45,45,37,8,0,1.0,0.8222222222222222
1998,NY,1061,1061,876,185,0,1.0,0.825636192271442
1998,OH,461,457,381,76,4,0.9913232104121475,0.8264642082429501
1998,OK,138,134,107,27,4,0.9710144927536232,0.7753623188405797
1998,OR,174,173,130,43,1,0.9942528735632183,0.7471264367816092
1998,PA,462,456,394,62,6,0.987012987012987,0.8528138528138528
1998,RI,26,26,22,4,0,1.0,0.8461538461538461
1998,SC,62,58,43,15,4,0.9354838709677419,0.6935483870967742
1998,SD,45,45,31,14,0,1.0,0.6888888888888889
1998,TN,134,132,114,18,2,0.9850746268656716,0.8507462686567164
1998,TX,549,547,442,105,2,0.9963570127504554,0.8051001821493625
1998,UT,104,104,89,15,0,1.0,0.8557692307692307
1998,VA,114,111,82,29,3,0.9736842105263158,0.7192982456140351
1998,VT,18,18,16,2,0,1.0,0.8888888888888888
1998,WA,302,302,247,55,0,1.0,0.8178807947019867
1998,WI,72,71,59,12,1,0.9861111111111112,0.8194444444444444
1998,WV,74,73,47,26,1,0.9864864864864865,0.6351351351351351
1998,WY,41,41,36,5,0,1.0,0.8780487804878049
1999,AK,60,60,42,18,0,1.0,0.7
1999,AL,63,62,48,14,1,0.9841269841269841,0.7619047619047619
1999,AR,58,55,48,7,3,0.9482758620689655,0.8275862068965517
1999,AZ,197,196,160,36,1,0.9949238578680203,0.8121827411167513
1999,CA,1293,1283,1051,232,10,0.9922660479505027,0.8128383604021655
1999,CO,390,390,331,59,0,1.0,0.8487179487179487
1999,CT,157,154,116,38,3,0.9808917197452229,0.7388535031847133
1999,DC,63,63,51,12,0,1.0,0.8095238095238095
1999,DE,34,34,26,8,0,1.0,0.7647058823529411
1999,FL,455,449,373,76,6,0.9868131868131869,0.8197802197802198
1999,GA,179,176,125,51,3,0.9832402234636871,0.6983240223463687
1999,HI,21,21,10,11,0,1.0,0.47619047619047616
1999,IA,75,75,59,16,0,1.0,0.7866666666666666
1999,ID,36,36,32,4,0,1.0,0.8888888888888888
1999,IL,411,411,307,104,0,1.0,0.7469586374695864
1999,IN,224,224,172,52,0,1.0,0.7678571428571429
1999,KS,154,151,100,51,3,0.9805194805194806,0.6493506493506493
1999,KY,235,231,146,85,4,0.9829787234042553,0.6212765957446809
1999,LA,99,95,61,34,4,0.9595959595959596,0.6161616161616161
1999,MA,227,227,179,48,0,1.0,0.788546255506608
1999,MD,254,252,182,70,2,0.9921259842519685,0.7165354330708661
1999,ME,118,118,72,46,0,1.0,0.6101694915254238
1999,MI,146,144,2,142,2,0.9863013698630136,0.0136986301369863
1999,MN,201,198,0,198,3,0.9850746268656716,0.0
1999,MO,177,175,0,175,2,0.9887005649717514,0.0
1999,MS,78,69,0,69,9,0.8846153846153846,0.0
1999,MT,28,26,0,26,2,0.9285714285714286,0.0
1999,NC,213,205,0,205,8,0.9624413145539906,0.0
1999,ND,36,35,0,35,1,0.9722222222222222,0.0
1999,NE,82,81,0,81,1,0.9878048780487805,0.0
1999,NH,27,27,0,27,0,1.0,0.0
1999,NJ,214,203,0,203,11,0.9485981308411215,0.0
1999,NM,75,67,0,67,8,0.8933333333333333,0.0
1999,NV,22,22,0,22,0,1.0,0.0
1999,NY,1046,1044,0,1044,2,0.9980879541108987,0.0
1999,OH,306,297,0,297,9,0.9705882352941176,0.0
1999,OK,131,121,0,121,10,0.9236641221374046,0.0
1999,OR,174,172,0,172,2,0.9885057471264368,0.0
1999,PA,473,462,0,462,11,0.9767441860465116,0.0
1999,RI,7,7,0,7,0,1.0,0.0
1999,SC,80,75,0,75,5,0.9375,0.0
1999,SD,37,33,0,33,4,0.8918918918918919,0.0
1999,TN,112,107,0,107,5,0.9553571428571429,0.0
1999,TX,432,416,0,416,16,0.9629629629629629,0.0
1999,UT,95,90,0,90,5,0.9473684210526315,0.0
1999,VA,111,107,0,107,4,0.963963963963964,0.0
1999,VT,27,24,0,24,3,0.8888888888888888,0.0
1999,WA,286,284,0,284,2,0.993006993006993,0.0
1999,WI,82,82,0,82,0,1.0,0.0
1999,WV,123,122,0,122,1,0.991869918699187,0.0
1999,WY,43,43,0,43,0,1.0,0.0
2000,AK,61,61,0,61,0,1.0,0.0
2000,AL,61,58,0,58,3,0.9508196721311475,0.0
2000,AR,46,39,0,39,7,0.8478260869565217,0.0
2000,AZ,181,166,0,166,15,0.9171270718232044,0.0
2000,CA,1346,1327,0,1327,19,0.9858841010401189,0.0
2000,CO,367,362,0,362,5,0.9863760217983651,0.0
2000,CT,211,202,0,202,9,0.957345971563981,0.0
2000,DC,49,48,0,48,1,0.9795918367346939,0.0
2000,DE,43,43,0,43,0,1.0,0.0
2000,FL,483,472,0,472,11,0.9772256728778468,0.0
2000,GA,166,158,0,158,8,0.9518072289156626,0.0
2000,HI,50,49,0,49,1,0.98,0.0
2000,IA,84,83,0,83,1,0.9880952380952381,0.0
2000,ID,38,38,0,38,0,1.0,0.0
2000,IL,532,527,0,527,5,0.9906015037593985,0.0
2000,IN,241,234,0,234,7,0.970954356846473,0.0
2000,KS,154,152,0,152,2,0.987012987012987,0.0
2000,KY,262,251,0,251,11,0.9580152671755725,0.0
2000,LA,120,114,0,114,6,0.95,0.0
2000,MA,251,242,0,242,9,0.9641434262948207,0.0
2000,MD,300,294,0,294,6,0.98,0.0
2000,ME,165,161,0,161,4,0.9757575757575757,0.0
2000,MI,382,378,0,378,4,0.9895287958115183,0.0
2000,MN,243,240,0,240,3,0.9876543209876543,0.0
2000,MO,208,207,0,207,1,0.9951923076923077,0.0
2000,MS,110,96,0,96,14,0.8727272727272727,0.0
2000,MT,32,31,0,31,1,0.96875,0.0
2000,NC,203,195,0,195,8,0.9605911330049262,0.0
2000,ND,44,43,0,43,1,0.9772727272727273,0.0
2000,NE,85,85,0,85,0,1.0,0.0
2000,NH,43,42,0,42,1,0.9767441860465116,0.0
2000,NJ,237,224,0,224,13,0.9451476793248945,0.0
2000,NM,76,68,0,68,8,0.8947368421052632,0.0
2000,NV,39,38,0,38,1,0.9743589743589743,0.0
2000,NY,1138,1135,0,1135,3,0.9973637961335676,0.0
2000,OH,461,447,0,447,14,0.9696312364425163,0.0
2000,OK,115,105,0,105,10,0.9130434782608695,0.0
2000,OR,182,180,0,180,2,0.989010989010989,0.0
2000,PA,454,443,0,443,11,0.9757709251101322,0.0
2000,RI,33,33,0,33,0,1.0,0.0
2000,SC,79,75,0,75,4,0.9493670886075949,0.0
2000,SD,39,35,0,35,4,0.8974358974358975,0.0
2000,TN,146,140,0,140,6,0.958904109589041,0.0
2000,TX,630,613,0,613,17,0.973015873015873,0.0
2000,UT,105,103,0,103,2,0.9809523809523809,0.0
2000,VA,109,105,0,105,4,0.963302752293578,0.0
2000,VT,34,32,0,32,2,0.9411764705882353,0.0
2000,WA,273,269,0,269,4,0.9853479853479854,0.0
2000,WI,169,165,0,165,4,0.9763313609467456,0.0
2000,WV,97,97,0,97,0,1.0,0.0
2000,WY,43,43,0,43,0,1.0,0.0
2002,AK,56,56,0,56,0,1.0,0.0
2002,AL,74,71,0,71,3,0.9594594594594594,0.0
2002,AR,47,42,0,42,5,0.8936170212765957,0.0
2002,AZ,167,157,0,157,10,0.9401197604790419,0.0
2002,CA,1599,1579,0,1579,20,0.9874921826141339,0.0
2002,CO,362,358,0,358,4,0.988950276243094,0.0
2002,CT,204,195,0,195,9,0.9558823529411765,0.0
2002,DC,52,51,0,51,1,0.9807692307692307,0.0
2002,DE,38,38,0,38,0,1.0,0.0
2002,FL,451,439,0,439,12,0.9733924611973392,0.0
2002,GA,179,169,0,169,10,0.9441340782122905,0.0
2002,HI,75,74,0,74,1,0.9866666666666667,0.0
2002,IA,86,85,0,85,1,0.9883720930232558,0.0
2002,ID,55,55,0,55,0,1.0,0.0
2002,IL,547,544,0,544,3,0.9945155393053017,0.0
2002,IN,268,260,0,260,8,0.9701492537313433,0.0
2002,KS,153,151,0,151,2,0.9869281045751634,0.0
2002,KY,296,283,0,283,13,0.956081081081081,0.0
2002,LA,136,128,0,128,8,0.9411764705882353,0.0
2002,MA,255,244,0,244,11,0.9568627450980393,0.0
2002,MD,305,300,0,300,5,0.9836065573770492,0.0
2002,ME,165,159,0,159,6,0.9636363636363636,0.0
2002,MI,524,521,0,521,3,0.9942748091603053,0.0
2002,MN,239,237,0,237,2,0.9916317991631799,0.0
2002,MO,191,189,0,189,2,0.9895287958115183,0.0
2002,MS,97,87,0,87,10,0.8969072164948454,0.0
2002,MT,38,37,0,37,1,0.9736842105263158,0.0
2002,NC,223,216,0,216,7,0.968609865470852,0.0
2002,ND,45,45,0,45,0,1.0,0.0
2002,NE,92,91,0,91,1,0.9891304347826086,0.0
2002,NH,49,48,0,48,1,0.9795918367346939,0.0
2002,NJ,265,251,0,251,14,0.9471698113207547,0.0
2002,NM,53,50,0,50,3,0.9433962264150944,0.0
2002,NV,46,46,0,46,0,1.0,0.0
2002,NY,1125,1122,0,1122,3,0.9973333333333333,0.0
2002,OH,441,428,0,428,13,0.9705215419501134,0.0
2002,OK,138,127,0,127,11,0.9202898550724637,0.0
2002,OR,186,185,0,185,1,0.9946236559139785,0.0
2002,PA,439,431,0,431,8,0.9817767653758542,0.0
2002,RI,46,46,0,46,0,1.0,0.0
2002,SC,81,77,0,77,4,0.9506172839506173,0.0
2002,SD,41,37,0,37,4,0.9024390243902439,0.0
2002,TN,149,142,0,142,7,0.9530201342281879,0.0
2002,TX,507,494,0,494,13,0.9743589743589743,0.0
2002,UT,111,107,0,107,4,0.963963963963964,0.0
2002,VA,121,116,0,116,5,0.9586776859504132,0.0
2002,VT,29,26,0,26,3,0.896551724137931,0.0
2002,WA,270,266,0,266,4,0.9851851851851852,0.0
2002,WI,242,236,0,236,6,0.9752066115702479,0.0
2002,WV,78,78,0,78,0,1.0,0.0
2002,WY,41,41,0,41,0,1.0,0.0
2003,AK,53,53,0,53,0,1.0,0.0
2003,AL,76,74,0,74,2,0.9736842105263158,0.0
2003,AR,41,37,0,37,4,0.9024390243902439,0.0
2003,AZ,147,139,0,139,8,0.9455782312925171,0.0
2003,CA,1470,1451,0,1451,19,0.9870748299319728,0.0
2003,CO,291,285,0,285,6,0.979381443298969,0.0
2003,CT,185,180,0,180,5,0.972972972972973,0.0
2003,DC,46,45,0,45,1,0.9782608695652174,0.0
2003,DE,36,36,0,36,0,1.0,0.0
2003,FL,391,382,0,382,9,0.9769820971867008,0.0
2003,GA,165,158,0,158,7,0.9575757575757575,0.0
2003,HI,51,51,0,51,0,1.0,0.0
2003,IA,128,124,0,124,4,0.96875,0.0
2003,ID,49,48,0,48,1,0.9795918367346939,0.0
2003,IL,381,380,0,380,1,0.9973753280839895,0.0
2003,IN,247,240,0,240,7,0.97165991902834,0.0
2003,KS,166,164,0,164,2,0.9879518072289156,0.0
2003,KY,272,264,0,264,8,0.9705882352941176,0.0
2003,LA,69,66,0,66,3,0.9565217391304348,0.0
2003,MA,164,160,0,160,4,0.975609756097561,0.0
2003,MD,273,268,0,268,5,0.9816849816849816,0.0
2003,ME,143,137,0,137,6,0.958041958041958,0.0
2003,MI,393,391,0,391,2,0.9949109414758269,0.0
2003,MN,214,214,0,214,0,1.0,0.0
2003,MO,145,144,0,144,1,0.993103448275862,0.0
2003,MS,84,72,0,72,12,0.8571428571428571,0.0
2003,MT,26,25,0,25,1,0.9615384615384616,0.0
2003,NC,201,195,0,195,6,0.9701492537313433,0.0
2003,ND,37,36,0,36,1,0.972972972972973,0.0
2003,NE,77,75,0,75,2,0.974025974025974,0.0
2003,NH,37,37,0,37,0,1.0,0.0
2003,NJ,231,212,0,212,19,0.9177489177489178,0.0
2003,NM,54,51,0,51,3,0.9444444444444444,0.0
2003,NV,51,49,0,49,2,0.9607843137254902,0.0
2003,NY,959,956,0,956,3,0.9968717413972888,0.0
2003,OH,386,378,0,378,8,0.9792746113989638,0.0
2003,OK,113,105,0,105,8,0.9292035398230089,0.0
2003,OR,165,164,0,164,1,0.9939393939393939,0.0
2003,PA,373,365,0,365,8,0.9785522788203753,0.0
2003,RI,45,45,0,45,0,1.0,0.0
2003,SC,79,74,0,74,5,0.9367088607594937,0.0
2003,SD,39,36,0,36,3,0.9230769230769231,0.0
2003,TN,134,127,0,127,7,0.9477611940298507,0.0
2003,TX,455,443,0,443,12,0.9736263736263736,0.0
2003,UT,83,81,0,81,2,0.9759036144578314,0.0
2003,VA,110,107,0,107,3,0.9727272727272728,0.0
2003,VT,25,22,0,22,3,0.88,0.0
2003,WA,264,262,0,262,2,0.9924242424242424,0.0
2003,WI,167,164,0,164,3,0.9820359281437125,0.0
2003,WV,74,74,0,74,0,1.0,0.0
2003,WY,42,42,0,42,0,1.0,0.0
2004,AK,50,49,0,49,1,0.98,0.0
2004,AL,84,81,0,81,3,0.9642857142857143,0.0
2004,AR,44,41,0,41,3,0.9318181818181818,0.0
2004,AZ,144,136,0,136,8,0.9444444444444444,0.0
2004,CA,1547,1524,0,1524,23,0.9851325145442793,0.0
2004,CO,370,364,0,364,6,0.9837837837837838,0.0
2004,CT,176,170,0,170,6,0.9659090909090909,0.0
2004,DC,46,45,0,45,1,0.9782608695652174,0.0
2004,DE,37,37,0,37,0,1.0,0.0
2004,FL,400,389,0,389,11,0.9725,0.0
2004,GA,161,156,0,156,5,0.968944099378882,0.0
2004,HI,78,77,0,77,1,0.9871794871794872,0.0
2004,IA,87,86,0,86,1,0.9885057471264368,0.0
2004,ID,66,65,0,65,1,0.9848484848484849,0.0
2004,IL,534,533,0,533,1,0.99812734082397,0.0
2004,IN,281,278,0,278,3,0.9893238434163701,0.0
2004,KS,176,175,0,175,1,0.9943181818181818,0.0
2004,KY,284,276,0,276,8,0.971830985915493,0.0
2004,LA,124,118,0,118,6,0.9516129032258065,0.0
2004,MA,229,221,0,221,8,0.9650655021834061,0.0
2004,MD,310,305,0,305,5,0.9838709677419355,0.0
2004,ME,164,159,0,159,5,0.9695121951219512,0.0
2004,MI,487,484,0,484,3,0.9938398357289527,0.0
2004,MN,226,224,0,224,2,0.9911504424778761,0.0
2004,MO,167,163,0,163,4,0.9760479041916168,0.0
2004,MS,79,68,0,68,11,0.8607594936708861,0.0
2004,MT,33,31,0,31,2,0.9393939393939394,0.0
2004,NC,253,247,0,247,6,0.9762845849802372,0.0
2004,ND,45,43,0,43,2,0.9555555555555556,0.0
2004,NE,83,81,0,81,2,0.9759036144578314,0.0
2004,NH,43,41,0,41,2,0.9534883720930233,0.0
2004,NJ,267,251,0,251,16,0.9400749063670412,0.0
2004,NM,59,57,0,57,2,0.9661016949152542,0.0
2004,NV,53,52,0,52,1,0.9811320754716981,0.0
2004,NY,960,958,0,958,2,0.9979166666666667,0.0
2004,OH,398,388,0,388,10,0.9748743718592965,0.0
2004,OK,119,110,0,110,9,0.9243697478991597,0.0
2004,OR,186,185,0,185,1,0.9946236559139785,0.0
2004,PA,368,363,0,363,5,0.9864130434782609,0.0
2004,RI,49,49,0,49,0,1.0,0.0
2004,SC,80,75,0,75,5,0.9375,0.0
2004,SD,41,38,0,38,3,0.926829268292683,0.0
2004,TN,154,148,0,148,6,0.961038961038961,0.0
2004,TX,490,479,0,479,11,0.9775510204081632,0.0
2004,UT,104,100,0,100,4,0.9615384615384616,0.0
2004,VA,118,116,0,116,2,0.9830508474576272,0.0
2004,VT,30,27,0,27,3,0.9,0.0
2004,WA,293,291,0,291,2,0.9931740614334471,0.0
2004,WI,205,201,0,201,4,0.9804878048780488,0.0
2004,WV,66,66,0,66,0,1.0,0.0
2004,WY,39,39,0,39,0,1.0,0.0
2005,AK,51,50,0,50,1,0.9803921568627451,0.0
2005,AL,84,82,0,82,2,0.9761904761904762,0.0
2005,AR,37,35,0,35,2,0.9459459459459459,0.0
2005,AZ,137,130,0,130,7,0.948905109489051,0.0
2005,CA,1479,1459,0,1459,20,0.9864773495605138,0.0
2005,CO,369,362,0,362,7,0.981029810298103,0.0
2005,CT,165,160,0,160,5,0.9696969696969697,0.0
2005,DC,42,40,0,40,2,0.9523809523809523,0.0
2005,DE,36,36,0,36,0,1.0,0.0
2005,FL,458,449,0,449,9,0.980349344978166,0.0
2005,GA,165,162,0,162,3,0.9818181818181818,0.0
2005,HI,82,82,0,82,0,1.0,0.0
2005,IA,86,85,0,85,1,0.9883720930232558,0.0
2005,ID,55,54,0,54,1,0.9818181818181818,0.0
2005,IL,527,527,0,527,0,1.0,0.0
2005,IN,278,274,0,274,4,0.9856115107913669,0.0
2005,KS,180,179,0,179,1,0.9944444444444445,0.0
2005,KY,266,256,0,256,10,0.9624060150375939,0.0
2005,LA,112,107,0,107,5,0.9553571428571429,0.0
2005,MA,216,208,0,208,8,0.9629629629629629,0.0
2005,MD,299,294,0,294,5,0.9832775919732442,0.0
2005,ME,167,161,0,161,6,0.9640718562874252,0.0
2005,MI,460,458,0,458,2,0.9956521739130435,0.0
2005,MN,213,213,0,213,0,1.0,0.0
2005,MO,188,184,0,184,4,0.9787234042553191,0.0
2005,MS,77,66,0,66,11,0.8571428571428571,0.0
2005,MT,33,32,0,32,1,0.9696969696969697,0.0
2005,NC,254,247,0,247,7,0.9724409448818898,0.0
2005,ND,48,48,0,48,0,1.0,0.0
2005,NE,86,82,0,82,4,0.9534883720930233,0.0
2005,NH,38,37,0,37,1,0.9736842105263158,0.0
2005,NJ,281,266,0,266,15,0.9466192170818505,0.0
2005,NM,56,54,0,54,2,0.9642857142857143,0.0
2005,NV,55,53,0,53,2,0.9636363636363636,0.0
2005,NY,913,911,0,911,2,0.9978094194961665,0.0
2005,OH,366,355,0,355,11,0.9699453551912568,0.0
2005,OK,114,105,0,105,9,0.9210526315789473,0.0
2005,OR,183,183,0,183,0,1.0,0.0
2005,PA,354,349,0,349,5,0.9858757062146892,0.0
2005,RI,48,48,0,48,0,1.0,0.0
2005,SC,74,69,0,69,5,0.9324324324324325,0.0
2005,SD,49,46,0,46,3,0.9387755102040817,0.0
2005,TN,144,138,0,138,6,0.9583333333333334,0.0
2005,TX,442,433,0,433,9,0.9796380090497737,0.0
2005,UT,97,93,0,93,4,0.9587628865979382,0.0
2005,VA,106,104,0,104,2,0.9811320754716981,0.0
2005,VT,29,26,0,26,3,0.896551724137931,0.0
2005,WA,336,332,0,332,4,0.9880952380952381,0.0
2005,WI,195,192,0,192,3,0.9846153846153847,0.0
2005,WV,62,62,0,62,0,1.0,0.0
2005,WY,41,40,0,40,1,0.975609756097561,0.0
2006,AK,52,51,0,51,1,0.9807692307692307,0.0
2006,AL,88,86,0,86,2,0.9772727272727273,0.0
2006,AR,37,35,0,35,2,0.9459459459459459,0.0
2006,AZ,140,132,0,132,8,0.9428571428571428,0.0
2006,CA,1516,1497,0,1497,19,0.987467018469657,0.0
2006,CO,365,357,0,357,8,0.9780821917808219,0.0
2006,CT,165,161,0,161,4,0.9757575757575757,0.0
2006,DC,38,37,0,37,1,0.9736842105263158,0.0
2006,DE,36,36,0,36,0,1.0,0.0
2006,FL,490,477,0,477,13,0.9734693877551021,0.0
2006,GA,165,162,0,162,3,0.9818181818181818,0.0
2006,HI,96,96,0,96,0,1.0,0.0
2006,IA,83,82,0,82,1,0.9879518072289156,0.0
2006,ID,47,46,0,46,1,0.9787234042553191,0.0
2006,IL,526,526,0,526,0,1.0,0.0
2006,IN,296,290,0,290,6,0.9797297297297297,0.0
2006,KS,190,188,0,188,2,0.9894736842105263,0.0
2006,KY,255,246,0,246,9,0.9647058823529412,0.0
2006,LA,106,101,0,101,5,0.9528301886792453,0.0
2006,MA,221,213,0,213,8,0.9638009049773756,0.0
2006,MD,304,299,0,299,5,0.9835526315789473,0.0
2006,ME,164,159,0,159,5,0.9695121951219512,0.0
2006,MI,460,457,0,457,3,0.9934782608695653,0.0
2006,MN,224,224,0,224,0,1.0,0.0
2006,MO,208,206,0,206,2,0.9903846153846154,0.0
2006,MS,77,66,0,66,11,0.8571428571428571,0.0
2006,MT,34,33,0,33,1,0.9705882352941176,0.0
2006,NC,259,251,0,251,8,0.9691119691119691,0.0
2006,ND,54,53,0,53,1,0.9814814814814815,0.0
2006,NE,88,84,0,84,4,0.9545454545454546,0.0
2006,NH,37,36,0,36,1,0.972972972972973,0.0
2006,NJ,274,259,0,259,15,0.9452554744525548,0.0
2006,NM,57,55,0,55,2,0.9649122807017544,0.0
2006,NV,52,52,0,52,0,1.0,0.0
2006,NY,913,911,0,911,2,0.9978094194961665,0.0
2006,OH,355,345,0,345,10,0.971830985915493,0.0
2006,OK,128,121,0,121,7,0.9453125,0.0
2006,OR,186,186,0,186,0,1.0,0.0
2006,PA,359,353,0,353,6,0.9832869080779945,0.0
2006,RI,47,47,0,47,0,1.0,0.0
2006,SC,76,71,0,71,5,0.9342105263157895,0.0
2006,SD,51,48,0,48,3,0.9411764705882353,0.0
2006,TN,157,152,0,152,5,0.9681528662420382,0.0
2006,TX,430,420,0,420,10,0.9767441860465116,0.0
2006,UT,102,98,0,98,4,0.9607843137254902,0.0
2006,VA,105,103,0,103,2,0.9809523809523809,0.0
2006,VT,31,27,0,27,4,0.8709677419354839,0.0
2006,WA,379,375,0,375,4,0.9894459102902374,0.0
2006,WI,198,195,0,195,3,0.9848484848484849,0.0
2006,WV,60,60,0,60,0,1.0,0.0
2006,WY,44,43,0,43,1,0.9772727272727273,0.0
2007,AK,55,54,0,54,1,0.9818181818181818,0.0
2007,AL,94,91,0,91,3,0.9680851063829787,0.0
2007,AR,36,34,0,34,2,0.9444444444444444,0.0
2007,AZ,145,139,0,139,6,0.9586206896551724,0.0
2007,CA,1512,1493,0,1493,19,0.9874338624338624,0.0
2007,CO,364,359,0,359,5,0.9862637362637363,0.0
2007,CT,170,165,0,165,5,0.9705882352941176,0.0
2007,DC,39,37,0,37,2,0.9487179487179487,0.0
2007,DE,29,29,0,29,0,1.0,0.0
2007,FL,469,456,0,456,13,0.9722814498933902,0.0
2007,GA,158,155,0,155,3,0.9810126582278481,0.0
2007,HI,109,109,0,109,0,1.0,0.0
2007,IA,89,88,0,88,1,0.9887640449438202,0.0
2007,ID,58,57,0,57,1,0.9827586206896551,0.0
2007,IL,567,566,0,566,1,0.9982363315696648,0.0
2007,IN,291,286,0,286,5,0.9828178694158075,0.0
2007,KS,203,202,0,202,1,0.9950738916256158,0.0
2007,KY,267,257,0,257,10,0.9625468164794008,0.0
2007,LA,117,112,0,112,5,0.9572649572649573,0.0
2007,MA,219,212,0,212,7,0.9680365296803652,0.0
2007,MD,310,307,0,307,3,0.9903225806451613,0.0
2007,ME,177,173,0,173,4,0.9774011299435028,0.0
2007,MI,462,458,0,458,4,0.9913419913419913,0.0
2007,MN,250,250,0,250,0,1.0,0.0
2007,MO,216,213,0,213,3,0.9861111111111112,0.0
2007,MS,80,67,0,67,13,0.8375,0.0
2007,MT,38,37,0,37,1,0.9736842105263158,0.0
2007,NC,301,296,0,296,5,0.9833887043189369,0.0
2007,ND,55,53,0,53,2,0.9636363636363636,0.0
2007,NE,87,83,0,83,4,0.9540229885057471,0.0
2007,NH,38,37,0,37,1,0.9736842105263158,0.0
2007,NJ,277,262,0,262,15,0.9458483754512635,0.0
2007,NM,72,71,0,71,1,0.9861111111111112,0.0
2007,NV,50,49,0,49,1,0.98,0.0
2007,NY,895,893,0,893,2,0.9977653631284916,0.0
2007,OH,347,337,0,337,10,0.9711815561959655,0.0
2007,OK,146,140,0,140,6,0.958904109589041,0.0
2007,OR,192,192,0,192,0,1.0,0.0
2007,PA,414,410,0,410,4,0.9903381642512077,0.0
2007,RI,46,46,0,46,0,1.0,0.0
2007,SC,80,74,0,74,6,0.925,0.0
2007,SD,51,47,0,47,4,0.9215686274509803,0.0
2007,TN,158,153,0,153,5,0.9683544303797469,0.0
2007,TX,435,421,0,421,14,0.967816091954023,0.0
2007,UT,112,109,0,109,3,0.9732142857142857,0.0
2007,VA,108,106,0,106,2,0.9814814814814815,0.0
2007,VT,31,27,0,27,4,0.8709677419354839,0.0
2007,WA,391,387,0,387,4,0.989769820971867,0.0
2007,WI,207,206,0,206,1,0.9951690821256038,0.0
2007,WV,63,63,0,63,0,1.0,0.0
2007,WY,44,43,0,43,1,0.9772727272727273,0.0
2008,AK,54,53,0,53,1,0.9814814814814815,0.0
2008,AL,92,90,0,90,2,0.9782608695652174,0.0
2008,AR,41,39,0,39,2,0.9512195121951219,0.0
2008,AZ,137,132,0,132,5,0.9635036496350365,0.0
2008,CA,1499,1478,0,1478,21,0.9859906604402935,0.0
2008,CO,368,364,0,364,4,0.9891304347826086,0.0
2008,CT,158,155,0,155,3,0.9810126582278481,0.0
2008,DC,39,38,0,38,1,0.9743589743589743,0.0
2008,DE,33,33,0,33,0,1.0,0.0
2008,FL,477,469,0,469,8,0.9832285115303984,0.0
2008,GA,161,158,0,158,3,0.9813664596273292,0.0
2008,HI,114,114,0,114,0,1.0,0.0
2008,IA,84,83,0,83,1,0.9880952380952381,0.0
2008,ID,67,65,0,65,2,0.9701492537313433,0.0
2008,IL,566,564,0,564,2,0.9964664310954063,0.0
2008,IN,268,262,0,262,6,0.9776119402985075,0.0
2008,KS,201,200,0,200,1,0.9950248756218906,0.0
2008,KY,265,256,0,256,9,0.9660377358490566,0.0
2008,LA,127,122,0,122,5,0.9606299212598425,0.0
2008,MA,227,220,0,220,7,0.9691629955947136,0.0
2008,MD,316,313,0,313,3,0.990506329113924,0.0
2008,ME,170,165,0,165,5,0.9705882352941176,0.0
2008,MI,452,448,0,448,4,0.9911504424778761,0.0
2008,MN,258,257,0,257,1,0.9961240310077519,0.0
2008,MO,211,208,0,208,3,0.985781990521327,0.0
2008,MS,77,67,0,67,10,0.8701298701298701,0.0
2008,MT,38,37,0,37,1,0.9736842105263158,0.0
2008,NC,317,311,0,311,6,0.9810725552050473,0.0
2008,ND,55,55,0,55,0,1.0,0.0
2008,NE,93,89,0,89,4,0.956989247311828,0.0
2008,NH,35,34,0,34,1,0.9714285714285714,0.0
2008,NJ,278,267,0,267,11,0.960431654676259,0.0
2008,NM,85,83,0,83,2,0.9764705882352941,0.0
2008,NV,62,62,0,62,0,1.0,0.0
2008,NY,880,878,0,878,2,0.9977272727272727,0.0
2008,OH,337,328,0,328,9,0.973293768545994,0.0
2008,OK,140,135,0,135,5,0.9642857142857143,0.0
2008,OR,210,210,0,210,0,1.0,0.0
2008,PA,438,435,0,435,3,0.9931506849315068,0.0
2008,RI,48,48,0,48,0,1.0,0.0
2008,SC,80,75,0,75,5,0.9375,0.0
2008,SD,49,45,0,45,4,0.9183673469387755,0.0
2008,TN,160,155,0,155,5,0.96875,0.0
2008,TX,401,388,0,388,13,0.9675810473815462,0.0
2008,UT,114,111,0,111,3,0.9736842105263158,0.0
2008,VA,111,109,0,109,2,0.9819819819819819,0.0
2008,VT,36,32,0,32,4,0.8888888888888888,0.0
2008,WA,389,385,0,385,4,0.9897172236503856,0.0
2008,WI,203,201,0,201,2,0.9901477832512315,0.0
2008,WV,62,62,0,62,0,1.0,0.0
2008,WY,44,43,0,43,1,0.9772727272727273,0.0
2009,AK,63,62,0,62,1,0.9841269841269841,0.0
2009,AL,99,97,0,97,2,0.9797979797979798,0.0
2009,AR,33,31,0,31,2,0.9393939393939394,0.0
2009,AZ,175,172,0,172,3,0.9828571428571429,0.0
2009,CA,1491,1472,0,1472,19,0.9872568745808182,0.0
2009,CO,356,352,0,352,4,0.9887640449438202,0.0
2009,CT,156,153,0,153,3,0.9807692307692307,0.0
2009,DC,36,35,0,35,1,0.9722222222222222,0.0
2009,DE,29,29,0,29,0,1.0,0.0
2009,FL,454,447,0,447,7,0.9845814977973568,0.0
2009,GA,158,156,0,156,2,0.9873417721518988,0.0
2009,HI,114,114,0,114,0,1.0,0.0
2009,IA,85,84,0,84,1,0.9882352941176471,0.0
2009,ID,62,61,0,61,1,0.9838709677419355,0.0
2009,IL,582,579,0,579,3,0.9948453608247423,0.0
2009,IN,267,263,0,263,4,0.9850187265917603,0.0
2009,KS,178,177,0,177,1,0.9943820224719101,0.0
2009,KY,270,262,0,262,8,0.9703703703703703,0.0
2009,LA,126,122,0,122,4,0.9682539682539683,0.0
2009,MA,236,229,0,229,7,0.9703389830508474,0.0
2009,MD,292,289,0,289,3,0.9897260273972602,0.0
2009,ME,148,144,0,144,4,0.972972972972973,0.0
2009,MI,442,438,0,438,4,0.9909502262443439,0.0
2009,MN,274,274,0,274,0,1.0,0.0
2009,MO,213,210,0,210,3,0.9859154929577465,0.0
2009,MS,77,66,0,66,11,0.8571428571428571,0.0
2009,MT,40,39,0,39,1,0.975,0.0
2009,NC,341,339,0,339,2,0.9941348973607038,0.0
2009,ND,53,52,0,52,1,0.9811320754716981,0.0
2009,NE,97,94,0,94,3,0.9690721649484536,0.0
2009,NH,37,35,0,35,2,0.9459459459459459,0.0
2009,NJ,282,269,0,269,13,0.9539007092198581,0.0
2009,NM,85,83,0,83,2,0.9764705882352941,0.0
2009,NV,65,65,0,65,0,1.0,0.0
2009,NY,876,873,0,873,3,0.9965753424657534,0.0
2009,OH,321,314,0,314,7,0.9781931464174455,0.0
2009,OK,152,146,0,146,6,0.9605263157894737,0.0
2009,OR,222,222,0,222,0,1.0,0.0
2009,PA,441,437,0,437,4,0.9909297052154195,0.0
2009,RI,54,54,0,54,0,1.0,0.0
2009,SC,86,82,0,82,4,0.9534883720930233,0.0
2009,SD,46,43,0,43,3,0.9347826086956522,0.0
2009,TN,150,146,0,146,4,0.9733333333333334,0.0
2009,TX,394,382,0,382,12,0.9695431472081218,0.0
2009,UT,114,112,0,112,2,0.9824561403508771,0.0
2009,VA,111,110,0,110,1,0.990990990990991,0.0
2009,VT,33,29,0,29,4,0.8787878787878788,0.0
2009,WA,385,380,0,380,5,0.987012987012987,0.0
2009,WI,212,211,0,211,1,0.9952830188679245,0.0
2009,WV,62,62,0,62,0,1.0,0.0
2009,WY,42,41,0,41,1,0.9761904761904762,0.0
2010,AK,57,56,0,56,1,0.9824561403508771,0.0
2010,AL,95,93,0,93,2,0.9789473684210527,0.0
2010,AR,41,39,0,39,2,0.9512195121951219,0.0
2010,AZ,165,163,0,163,2,0.9878787878787879,0.0
2010,CA,1415,1401,0,1401,14,0.9901060070671378,0.0
2010,CO,388,384,0,384,4,0.9896907216494846,0.0
2010,CT,150,148,0,148,2,0.9866666666666667,0.0
2010,DC,32,31,0,31,1,0.96875,0.0
2010,DE,25,25,0,25,0,1.0,0.0
2010,FL,446,440,0,440,6,0.9865470852017937,0.0
2010,GA,154,152,0,152,2,0.987012987012987,0.0
2010,HI,110,110,0,110,0,1.0,0.0
2010,IA,84,83,0,83,1,0.9880952380952381,0.0
2010,ID,80,79,0,79,1,0.9875,0.0
2010,IL,592,588,0,588,4,0.9932432432432432,0.0
2010,IN,246,244,0,244,2,0.991869918699187,0.0
2010,KS,197,196,0,196,1,0.9949238578680203,0.0
2010,KY,269,260,0,260,9,0.966542750929368,0.0
2010,LA,119,116,0,116,3,0.9747899159663865,0.0
2010,MA,231,225,0,225,6,0.974025974025974,0.0
2010,MD,306,303,0,303,3,0.9901960784313726,0.0
2010,ME,164,160,0,160,4,0.975609756097561,0.0
2010,MI,439,434,0,434,5,0.9886104783599089,0.0
2010,MN,279,279,0,279,0,1.0,0.0
2010,MO,243,242,0,242,1,0.9958847736625515,0.0
2010,MS,74,65,0,65,9,0.8783783783783784,0.0
2010,MT,39,38,0,38,1,0.9743589743589743,0.0
2010,NC,342,340,0,340,2,0.9941520467836257,0.0
2010,ND,50,49,0,49,1,0.98,0.0
2010,NE,100,97,0,97,3,0.97,0.0
2010,NH,34,32,0,32,2,0.9411764705882353,0.0
2010,NJ,290,277,0,277,13,0.9551724137931035,0.0
2010,NM,90,89,0,89,1,0.9888888888888889,0.0
2010,NV,67,67,0,67,0,1.0,0.0
2010,NY,916,913,0,913,3,0.9967248908296943,0.0
2010,OH,301,296,0,296,5,0.9833887043189369,0.0
2010,OK,150,146,0,146,4,0.9733333333333334,0.0
2010,OR,190,189,0,189,1,0.9947368421052631,0.0
2010,PA,454,451,0,451,3,0.9933920704845814,0.0
2010,RI,50,50,0,50,0,1.0,0.0
2010,SC,87,84,0,84,3,0.9655172413793104,0.0
2010,SD,48,45,0,45,3,0.9375,0.0
2010,TN,155,150,0,150,5,0.967741935483871,0.0
2010,TX,387,377,0,377,10,0.9741602067183462,0.0
2010,UT,123,122,0,122,1,0.991869918699187,0.0
2010,VA,112,111,0,111,1,0.9910714285714286,0.0
2010,VT,33,29,0,29,4,0.8787878787878788,0.0
2010,WA,415,411,0,411,4,0.9903614457831326,0.0
2010,WI,213,211,0,211,2,0.9906103286384976,0.0
2010,WV,62,62,0,62,0,1.0,0.0
2010,WY,41,40,0,40,1,0.975609756097561,0.0
2011,AK,59,58,0,58,1,0.9830508474576272,0.0
2011,AL,104,102,0,102,2,0.9807692307692307,0.0
2011,AR,60,57,0,57,3,0.95,0.0
2011,AZ,171,169,0,169,2,0.9883040935672515,0.0
2011,CA,1386,1372,0,1372,14,0.98989898989899,0.0
2011,CO,387,381,0,381,6,0.9844961240310077,0.0
2011,CT,142,140,0,140,2,0.9859154929577465,0.0
2011,DC,34,33,0,33,1,0.9705882352941176,0.0
2011,DE,30,30,0,30,0,1.0,0.0
2011,FL,471,464,0,464,7,0.9851380042462845,0.0
2011,GA,171,169,0,169,2,0.9883040935672515,0.0
2011,HI,112,112,0,112,0,1.0,0.0
2011,IA,85,84,0,84,1,0.9882352941176471,0.0
2011,ID,89,88,0,88,1,0.9887640449438202,0.0
2011,IL,609,607,0,607,2,0.9967159277504105,0.0
2011,IN,236,233,0,233,3,0.9872881355932204,0.0
2011,KS,205,205,0,205,0,1.0,0.0
2011,KY,296,287,0,287,9,0.9695945945945946,0.0
2011,LA,107,106,0,106,1,0.9906542056074766,0.0
2011,MA,244,238,0,238,6,0.9754098360655737,0.0
2011,MD,311,306,0,306,5,0.9839228295819936,0.0
2011,ME,179,174,0,174,5,0.9720670391061452,0.0
2011,MI,450,445,0,445,5,0.9888888888888889,0.0
2011,MN,303,303,0,303,0,1.0,0.0
2011,MO,257,254,0,254,3,0.9883268482490273,0.0
2011,MS,71,63,0,63,8,0.8873239436619719,0.0
2011,MT,45,44,0,44,1,0.9777777777777777,0.0
2011,NC,349,346,0,346,3,0.9914040114613181,0.0
2011,ND,52,51,0,51,1,0.9807692307692307,0.0
2011,NE,100,97,0,97,3,0.97,0.0
2011,NH,39,38,0,38,1,0.9743589743589743,0.0
2011,NJ,317,304,0,304,13,0.9589905362776026,0.0
2011,NM,95,95,0,95,0,1.0,0.0
2011,NV,62,62,0,62,0,1.0,0.0
2011,NY,815,812,0,812,3,0.996319018404908,0.0
2011,OH,304,302,0,302,2,0.993421052631579,0.0
2011,OK,166,162,0,162,4,0.9759036144578314,0.0
2011,OR,208,207,0,207,1,0.9951923076923077,0.0
2011,PA,463,461,0,461,2,0.9956803455723542,0.0
2011,RI,50,50,0,50,0,1.0,0.0
2011,SC,92,89,0,89,3,0.967391304347826,0.0
2011,SD,53,50,0,50,3,0.9433962264150944,0.0
2011,TN,172,166,0,166,6,0.9651162790697675,0.0
2011,TX,403,394,0,394,9,0.9776674937965261,0.0
2011,UT,130,129,0,129,1,0.9923076923076923,0.0
2011,VA,141,140,0,140,1,0.9929078014184397,0.0
2011,VT,33,28,0,28,5,0.8484848484848485,0.0
2011,WA,415,412,0,412,3,0.9927710843373494,0.0
2011,WI,214,212,0,212,2,0.9906542056074766,0.0
2011,WV,79,79,0,79,0,1.0,0.0
2011,WY,44,44,0,44,0,1.0,0.0
2012,AK,70,69,0,69,1,0.9857142857142858,0.0
2012,AL,101,98,0,98,3,0.9702970297029703,0.0
2012,AR,74,70,0,70,4,0.9459459459459459,0.0
2012,AZ,273,272,0,272,1,0.9963369963369964,0.0
2012,CA,1338,1322,0,1322,16,0.9880418535127056,0.0
2012,CO,397,391,0,391,6,0.9848866498740554,0.0
2012,CT,145,143,0,143,2,0.9862068965517241,0.0
2012,DC,30,30,0,30,0,1.0,0.0
2012,DE,34,34,0,34,0,1.0,0.0
2012,FL,474,468,0,468,6,0.9873417721518988,0.0
2012,GA,200,198,0,198,2,0.99,0.0
2012,HI,116,116,0,116,0,1.0,0.0
2012,IA,101,100,0,100,1,0.9900990099009901,0.0
2012,ID,88,87,0,87,1,0.9886363636363636,0.0
2012,IL,583,581,0,581,2,0.9965694682675815,0.0
2012,IN,241,238,0,238,3,0.9875518672199171,0.0
2012,KS,205,205,0,205,0,1.0,0.0
2012,KY,294,285,0,285,9,0.9693877551020408,0.0
2012,LA,100,98,0,98,2,0.98,0.0
2012,MA,259,253,0,253,6,0.9768339768339769,0.0
2012,MD,324,318,0,318,6,0.9814814814814815,0.0
2012,ME,188,183,0,183,5,0.973404255319149,0.0
2012,MI,439,435,0,435,4,0.9908883826879271,0.0
2012,MN,310,310,0,310,0,1.0,0.0
2012,MO,246,245,0,245,1,0.9959349593495935,0.0
2012,MS,75,67,0,67,8,0.8933333333333333,0.0
2012,MT,52,51,0,51,1,0.9807692307692307,0.0
2012,NC,353,348,0,348,5,0.9858356940509915,0.0
2012,ND,58,57,0,57,1,0.9827586206896551,0.0
2012,NE,104,102,0,102,2,0.9807692307692307,0.0
2012,NH,42,40,0,40,2,0.9523809523809523,0.0
2012,NJ,320,308,0,308,12,0.9625,0.0
2012,NM,110,110,0,110,0,1.0,0.0
2012,NV,64,64,0,64,0,1.0,0.0
2012,NY,809,807,0,807,2,0.9975278121137207,0.0
2012,OH,290,288,0,288,2,0.993103448275862,0.0
2012,OK,178,175,0,175,3,0.9831460674157303,0.0
2012,OR,206,206,0,206,0,1.0,0.0
2012,PA,460,457,0,457,3,0.9934782608695653,0.0
2012,RI,54,54,0,54,0,1.0,0.0
2012,SC,84,81,0,81,3,0.9642857142857143,0.0
2012,SD,58,55,0,55,3,0.9482758620689655,0.0
2012,TN,178,172,0,172,6,0.9662921348314607,0.0
2012,TX,383,377,0,377,6,0.9843342036553525,0.0
2012,UT,137,136,0,136,1,0.9927007299270073,0.0
2012,VA,145,143,0,143,2,0.9862068965517241,0.0
2012,VT,36,31,0,31,5,0.8611111111111112,0.0
2012,WA,417,415,0,415,2,0.9952038369304557,0.0
2012,WI,212,209,0,209,3,0.9858490566037735,0.0
2012,WV,78,78,0,78,0,1.0,0.0
2012,WY,43,43,0,43,0,1.0,0.0
2013,AK,72,71,0,71,1,0.9861111111111112,0.0
2013,AL,127,124,0,124,3,0.9763779527559056,0.0
2013,AR,64,62,0,62,2,0.96875,0.0
2013,AZ,245,244,0,244,1,0.9959183673469387,0.0
2013,CA,1249,1239,0,1239,10,0.9919935948759008,0.0
2013,CO,410,405,0,405,5,0.9878048780487805,0.0
2013,CT,159,157,0,157,2,0.9874213836477987,0.0
2013,DC,29,29,0,29,0,1.0,0.0
2013,DE,34,34,0,34,0,1.0,0.0
2013,FL,456,451,0,451,5,0.9890350877192983,0.0
2013,GA,278,274,0,274,4,0.9856115107913669,0.0
2013,HI,116,116,0,116,0,1.0,0.0
2013,IA,102,101,0,101,1,0.9901960784313726,0.0
2013,ID,92,91,0,91,1,0.9891304347826086,0.0
2013,IL,601,599,0,599,2,0.9966722129783694,0.0
2013,IN,232,228,0,228,4,0.9827586206896551,0.0
2013,KS,189,189,0,189,0,1.0,0.0
2013,KY,293,285,0,285,8,0.9726962457337884,0.0
2013,LA,93,91,0,91,2,0.978494623655914,0.0
2013,MA,259,254,0,254,5,0.9806949806949807,0.0
2013,MD,323,317,0,317,6,0.9814241486068112,0.0
2013,ME,185,180,0,180,5,0.972972972972973,0.0
2013,MI,421,417,0,417,4,0.9904988123515439,0.0
2013,MN,309,309,0,309,0,1.0,0.0
2013,MO,217,217,0,217,0,1.0,0.0
2013,MS,68,62,0,62,6,0.9117647058823529,0.0
2013,MT,58,57,0,57,1,0.9827586206896551,0.0
2013,NC,358,354,0,354,4,0.9888268156424581,0.0
2013,ND,57,55,0,55,2,0.9649122807017544,0.0
2013,NE,90,88,0,88,2,0.9777777777777777,0.0
2013,NH,37,37,0,37,0,1.0,0.0
2013,NJ,314,301,0,301,13,0.9585987261146497,0.0
2013,NM,96,95,0,95,1,0.9895833333333334,0.0
2013,NV,60,60,0,60,0,1.0,0.0
2013,NY,791,790,0,790,1,0.9987357774968394,0.0
2013,OH,286,286,0,286,0,1.0,0.0
2013,OK,167,163,0,163,4,0.9760479041916168,0.0
2013,OR,208,207,0,207,1,0.9951923076923077,0.0
2013,PA,434,432,0,432,2,0.9953917050691244,0.0
2013,RI,54,54,0,54,0,1.0,0.0
2013,SC,92,89,0,89,3,0.967391304347826,0.0
2013,SD,54,51,0,51,3,0.9444444444444444,0.0
2013,TN,166,160,0,160,6,0.963855421686747,0.0
2013,TX,370,365,0,365,5,0.9864864864864865,0.0
2013,UT,136,135,0,135,1,0.9926470588235294,0.0
2013,VA,140,139,0,139,1,0.9928571428571429,0.0
2013,VT,36,32,0,32,4,0.8888888888888888,0.0
2013,WA,401,399,0,399,2,0.9950124688279302,0.0
2013,WI,200,198,0,198,2,0.99,0.0
2013,WV,86,86,0,86,0,1.0,0.0
2013,WY,45,45,0,45,0,1.0,0.0
2014,AK,73,72,0,72,1,0.9863013698630136,0.0
2014,AL,128,125,0,125,3,0.9765625,0.0
2014,AR,59,58,0,58,1,0.9830508474576272,0.0
2014,AZ,250,250,0,250,0,1.0,0.0
2014,CA,1234,1224,0,1224,10,0.9918962722852512,0.0
2014,CO,418,412,0,412,6,0.9856459330143541,0.0
2014,CT,160,158,0,158,2,0.9875,0.0
2014,DC,28,28,0,28,0,1.0,0.0
2014,DE,33,33,0,33,0,1.0,0.0
2014,FL,519,514,0,514,5,0.9903660886319846,0.0
2014,GA,270,269,0,269,1,0.9962962962962963,0.0
2014,HI,165,164,0,164,1,0.9939393939393939,0.0
2014,IA,105,104,0,104,1,0.9904761904761905,0.0
2014,ID,121,120,0,120,1,0.9917355371900827,0.0
2014,IL,651,649,0,649,2,0.9969278033794163,0.0
2014,IN,229,225,0,225,4,0.982532751091703,0.0
2014,KS,189,189,0,189,0,1.0,0.0
2014,KY,316,309,0,309,7,0.9778481012658228,0.0
2014,LA,91,89,0,89,2,0.978021978021978,0.0
2014,MA,294,290,0,290,4,0.9863945578231292,0.0
2014,MD,338,333,0,333,5,0.985207100591716,0.0
2014,ME,204,197,0,197,7,0.9656862745098039,0.0
2014,MI,423,419,0,419,4,0.9905437352245863,0.0
2014,MN,341,340,0,340,1,0.9970674486803519,0.0
2014,MO,234,233,0,233,1,0.9957264957264957,0.0
2014,MS,63,59,0,59,4,0.9365079365079365,0.0
2014,MT,54,53,0,53,1,0.9814814814814815,0.0
2014,NC,395,391,0,391,4,0.9898734177215189,0.0
2014,ND,58,56,0,56,2,0.9655172413793104,0.0
2014,NE,85,83,0,83,2,0.9764705882352941,0.0
2014,NH,36,36,0,36,0,1.0,0.0
2014,NJ,311,301,0,301,10,0.9678456591639871,0.0
2014,NM,82,82,0,82,0,1.0,0.0
2014,NV,60,60,0,60,0,1.0,0.0
2014,NY,804,803,0,803,1,0.9987562189054726,0.0
2014,OH,302,302,0,302,0,1.0,0.0
2014,OK,169,166,0,166,3,0.9822485207100592,0.0
2014,OR,209,208,0,208,1,0.9952153110047847,0.0
2014,PA,482,479,0,479,3,0.9937759336099585,0.0
2014,RI,55,55,0,55,0,1.0,0.0
2014,SC,90,87,0,87,3,0.9666666666666667,0.0
2014,SD,64,61,0,61,3,0.953125,0.0
2014,TN,167,161,0,161,6,0.9640718562874252,0.0
2014,TX,381,376,0,376,5,0.9868766404199475,0.0
2014,UT,148,146,0,146,2,0.9864864864864865,0.0
2014,VA,139,139,0,139,0,1.0,0.0
2014,VT,39,36,0,36,3,0.9230769230769231,0.0
2014,WA,401,399,0,399,2,0.9950124688279302,0.0
2014,WI,201,199,0,199,2,0.9900497512437811,0.0
2014,WV,92,92,0,92,0,1.0,0.0
2014,WY,53,53,0,53,0,1.0,0.0
2015,AK,81,80,0,80,1,0.9876543209876543,0.0
2015,AL,124,121,0,121,3,0.9758064516129032,0.0
2015,AR,60,59,0,59,1,0.9833333333333333,0.0
2015,AZ,283,281,0,281,2,0.9929328621908127,0.0
2015,CA,1165,1158,0,1158,7,0.9939914163090129,0.0
2015,CO,350,344,0,344,6,0.9828571428571429,0.0
2015,CT,180,180,0,180,0,1.0,0.0
2015,DC,26,26,0,26,0,1.0,0.0
2015,DE,33,33,0,33,0,1.0,0.0
2015,FL,522,520,0,520,2,0.9961685823754789,0.0
2015,GA,275,272,0,272,3,0.9890909090909091,0.0
2015,HI,148,148,0,148,0,1.0,0.0
2015,IA,131,130,0,130,1,0.9923664122137404,0.0
2015,ID,104,103,0,103,1,0.9903846153846154,0.0
2015,IL,598,596,0,596,2,0.9966555183946488,0.0
2015,IN,226,223,0,223,3,0.9867256637168141,0.0
2015,KS,190,190,0,190,0,1.0,0.0
2015,KY,281,276,0,276,5,0.9822064056939501,0.0
2015,LA,108,107,0,107,1,0.9907407407407407,0.0
2015,MA,279,275,0,275,4,0.985663082437276,0.0
2015,MD,333,328,0,328,5,0.984984984984985,0.0
2015,ME,178,174,0,174,4,0.9775280898876404,0.0
2015,MI,415,411,0,411,4,0.9903614457831326,0.0
2015,MN,309,308,0,308,1,0.9967637540453075,0.0
2015,MO,225,224,0,224,1,0.9955555555555555,0.0
2015,MS,72,69,0,69,3,0.9583333333333334,0.0
2015,MT,50,50,0,50,0,1.0,0.0
2015,NC,366,360,0,360,6,0.9836065573770492,0.0
2015,ND,56,55,0,55,1,0.9821428571428571,0.0
2015,NE,107,105,0,105,2,0.9813084112149533,0.0
2015,NH,43,43,0,43,0,1.0,0.0
2015,NJ,299,290,0,290,9,0.9698996655518395,0.0
2015,NM,121,121,0,121,0,1.0,0.0
2015,NV,62,62,0,62,0,1.0,0.0
2015,NY,780,779,0,779,1,0.9987179487179487,0.0
2015,OH,310,310,0,310,0,1.0,0.0
2015,OK,148,145,0,145,3,0.9797297297297297,0.0
2015,OR,203,202,0,202,1,0.9950738916256158,0.0
2015,PA,471,468,0,468,3,0.9936305732484076,0.0
2015,RI,46,46,0,46,0,1.0,0.0
2015,SC,91,88,0,88,3,0.967032967032967,0.0
2015,SD,56,52,0,52,4,0.9285714285714286,0.0
2015,TN,191,185,0,185,6,0.9685863874345549,0.0
2015,TX,380,372,0,372,8,0.9789473684210527,0.0
2015,UT,149,149,0,149,0,1.0,0.0
2015,VA,200,200,0,200,0,1.0,0.0
2015,VT,39,36,0,36,3,0.9230769230769231,0.0
2015,WA,376,374,0,374,2,0.9946808510638298,0.0
2015,WI,228,226,0,226,2,0.9912280701754386,0.0
2015,WV,90,90,0,90,0,1.0,0.0
2015,WY,52,52,0,52,0,1.0,0.0
2016,AK,80,79,0,79,1,0.9875,0.0
2016,AL,122,119,0,119,3,0.9754098360655737,0.0
2016,AR,89,85,0,85,4,0.9550561797752809,0.0
2016,AZ,282,280,0,280,2,0.9929078014184397,0.0
2016,CA,1138,1129,0,1129,9,0.992091388400703,0.0
2016,CO,349,342,0,342,7,0.9799426934097422,0.0
2016,CT,186,186,0,186,0,1.0,0.0
2016,DC,26,26,0,26,0,1.0,0.0
2016,DE,37,37,0,37,0,1.0,0.0
2016,FL,562,558,0,558,4,0.9928825622775801,0.0
2016,GA,272,271,0,271,1,0.9963235294117647,0.0
2016,HI,149,149,0,149,0,1.0,0.0
2016,IA,134,132,0,132,2,0.9850746268656716,0.0
2016,ID,107,107,0,107,0,1.0,0.0
2016,IL,612,610,0,610,2,0.9967320261437909,0.0
2016,IN,236,234,0,234,2,0.9915254237288136,0.0
2016,KS,180,180,0,180,0,1.0,0.0
2016,KY,298,293,0,293,5,0.9832214765100671,0.0
2016,LA,106,105,0,105,1,0.9905660377358491,0.0
2016,MA,308,305,0,305,3,0.9902597402597403,0.0
2016,MD,363,358,0,358,5,0.9862258953168044,0.0
2016,ME,198,190,0,190,8,0.9595959595959596,0.0
2016,MI,431,427,0,427,4,0.9907192575406032,0.0
2016,MN,333,332,0,332,1,0.996996996996997,0.0
2016,MO,238,237,0,237,1,0.9957983193277311,0.0
2016,MS,71,68,0,68,3,0.9577464788732394,0.0
2016,MT,44,44,0,44,0,1.0,0.0
2016,NC,413,410,0,410,3,0.9927360774818402,0.0
2016,ND,56,55,0,55,1,0.9821428571428571,0.0
2016,NE,111,109,0,109,2,0.9819819819819819,0.0
2016,NH,52,52,0,52,0,1.0,0.0
2016,NJ,299,291,0,291,8,0.9732441471571907,0.0
2016,NM,113,113,0,113,0,1.0,0.0
2016,NV,61,61,0,61,0,1.0,0.0
2016,NY,806,804,0,804,2,0.9975186104218362,0.0
2016,OH,333,333,0,333,0,1.0,0.0
2016,OK,136,133,0,133,3,0.9779411764705882,0.0
2016,OR,188,187,0,187,1,0.9946808510638298,0.0
2016,PA,478,475,0,475,3,0.9937238493723849,0.0
2016,RI,48,48,0,48,0,1.0,0.0
2016,SC,94,91,0,91,3,0.9680851063829787,0.0
2016,SD,49,46,0,46,3,0.9387755102040817,0.0
2016,TN,186,182,0,182,4,0.978494623655914,0.0
2016,TX,393,384,0,384,9,0.9770992366412213,0.0
2016,UT,188,187,0,187,1,0.9946808510638298,0.0
2016,VA,196,195,0,195,1,0.9948979591836735,0.0
2016,VT,41,34,0,34,7,0.8292682926829268,0.0
2016,WA,377,375,0,375,2,0.9946949602122016,0.0
2016,WI,218,216,0,216,2,0.9908256880733946,0.0
2016,WV,94,94,0,94,0,1.0,0.0
2016,WY,46,46,0,46,0,1.0,0.0
2017,AK,84,84,0,84,0,1.0,0.0
2017,AL,118,116,0,116,2,0.9830508474576272,0.0
2017,AR,96,91,0,91,5,0.9479166666666666,0.0
2017,AZ,302,300,0,300,2,0.9933774834437086,0.0
2017,CA,1107,1101,0,1101,6,0.994579945799458,0.0
2017,CO,347,342,0,342,5,0.9855907780979827,0.0
2017,CT,200,199,0,199,1,0.995,0.0
2017,DC,24,24,0,24,0,1.0,0.0
2017,DE,26,26,0,26,0,1.0,0.0
2017,FL,536,533,0,533,3,0.9944029850746269,0.0
2017,GA,254,252,0,252,2,0.9921259842519685,0.0
2017,HI,144,144,0,144,0,1.0,0.0
2017,IA,142,141,0,141,1,0.9929577464788732,0.0
2017,ID,106,106,0,106,0,1.0,0.0
2017,IL,580,578,0,578,2,0.996551724137931,0.0
2017,IN,277,275,0,275,2,0.9927797833935018,0.0
2017,KS,166,166,0,166,0,1.0,0.0
2017,KY,335,331,0,331,4,0.9880597014925373,0.0
2017,LA,107,106,0,106,1,0.9906542056074766,0.0
2017,MA,333,330,0,330,3,0.990990990990991,0.0
2017,MD,360,355,0,355,5,0.9861111111111112,0.0
2017,ME,174,168,0,168,6,0.9655172413793104,0.0
2017,MI,431,427,0,427,4,0.9907192575406032,0.0
2017,MN,337,337,0,337,0,1.0,0.0
2017,MO,236,235,0,235,1,0.9957627118644068,0.0
2017,MS,69,66,0,66,3,0.9565217391304348,0.0
2017,MT,60,60,0,60,0,1.0,0.0
2017,NC,428,424,0,424,4,0.9906542056074766,0.0
2017,ND,62,59,0,59,3,0.9516129032258065,0.0
2017,NE,116,112,0,112,4,0.9655172413793104,0.0
2017,NH,67,67,0,67,0,1.0,0.0
2017,NJ,321,312,0,312,9,0.9719626168224299,0.0
2017,NM,119,119,0,119,0,1.0,0.0
2017,NV,61,60,0,60,1,0.9836065573770492,0.0
2017,NY,769,766,0,766,3,0.9960988296488946,0.0
2017,OH,359,359,0,359,0,1.0,0.0
2017,OK,164,162,0,162,2,0.9878048780487805,0.0
2017,OR,202,201,0,201,1,0.995049504950495,0.0
2017,PA,488,484,0,484,4,0.9918032786885246,0.0
2017,RI,46,46,0,46,0,1.0,0.0
2017,SC,91,89,0,89,2,0.978021978021978,0.0
2017,SD,52,49,0,49,3,0.9423076923076923,0.0
2017,TN,199,197,0,197,2,0.9899497487437185,0.0
2017,TX,385,380,0,380,5,0.987012987012987,0.0
2017,UT,216,214,0,214,2,0.9907407407407407,0.0
2017,VA,187,187,0,187,0,1.0,0.0
2017,VT,40,34,0,34,6,0.85,0.0
2017,WA,362,360,0,360,2,0.994475138121547,0.0
2017,WI,247,244,0,244,3,0.9878542510121457,0.0
2017,WV,90,90,0,90,0,1.0,0.0
2017,WY,47,47,0,47,0,1.0,0.0
2018,AK,89,89,0,89,0,1.0,0.0
2018,AL,124,121,0,121,3,0.9758064516129032,0.0
2018,AR,136,131,0,131,5,0.9632352941176471,0.0
2018,AZ,383,380,0,380,3,0.9921671018276762,0.0
2018,CA,1172,1165,0,1165,7,0.9940273037542662,0.0
2018,CO,381,378,0,378,3,0.9921259842519685,0.0
2018,CT,212,211,0,211,1,0.9952830188679245,0.0
2018,DC,23,22,0,22,1,0.9565217391304348,0.0
2018,DE,34,34,0,34,0,1.0,0.0
2018,FL,586,583,0,583,3,0.9948805460750854,0.0
2018,GA,288,287,0,287,1,0.9965277777777778,0.0
2018,HI,151,151,0,151,0,1.0,0.0
2018,IA,164,163,0,163,1,0.9939024390243902,0.0
2018,ID,125,125,0,125,0,1.0,0.0
2018,IL,644,642,0,642,2,0.9968944099378882,0.0
2018,IN,323,321,0,321,2,0.9938080495356038,0.0
2018,KS,167,167,0,167,0,1.0,0.0
2018,KY,392,384,0,384,8,0.9795918367346939,0.0
2018,LA,120,119,0,119,1,0.9916666666666667,0.0
2018,MA,388,383,0,383,5,0.9871134020618557,0.0
2018,MD,380,375,0,375,5,0.9868421052631579,0.0
2018,ME,161,155,0,155,6,0.9627329192546584,0.0
2018,MI,437,432,0,432,5,0.988558352402746,0.0
2018,MN,362,362,0,362,0,1.0,0.0
2018,MO,256,255,0,255,1,0.99609375,0.0
2018,MS,72,70,0,70,2,0.9722222222222222,0.0
2018,MT,66,66,0,66,0,1.0,0.0
2018,NC,476,473,0,473,3,0.9936974789915967,0.0
2018,ND,73,70,0,70,3,0.958904109589041,0.0
2018,NE,119,115,0,115,4,0.9663865546218487,0.0
2018,NH,72,72,0,72,0,1.0,0.0
2018,NJ,342,334,0,334,8,0.9766081871345029,0.0
2018,NM,130,130,0,130,0,1.0,0.0
2018,NV,69,68,0,68,1,0.9855072463768116,0.0
2018,NY,825,822,0,822,3,0.9963636363636363,0.0
2018,OH,415,415,0,415,0,1.0,0.0
2018,OK,173,171,0,171,2,0.9884393063583815,0.0
2018,OR,210,209,0,209,1,0.9952380952380953,0.0
2018,PA,547,541,0,541,6,0.9890310786106032,0.0
2018,RI,54,54,0,54,0,1.0,0.0
2018,SC,103,101,0,101,2,0.9805825242718447,0.0
2018,SD,52,49,0,49,3,0.9423076923076923,0.0
2018,TN,232,229,0,229,3,0.9870689655172413,0.0
2018,TX,456,452,0,452,4,0.9912280701754386,0.0
2018,UT,258,258,0,258,0,1.0,0.0
2018,VA,209,209,0,209,0,1.0,0.0
2018,VT,42,37,0,37,5,0.8809523809523809,0.0
2018,WA,427,426,0,426,1,0.9976580796252927,0.0
2018,WI,250,247,0,247,3,0.988,0.0
2018,WV,93,93,0,93,0,1.0,0.0
2018,WY,50,50,0,50,0,1.0,0.0
2019,AK,90,90,0,90,0,1.0,0.0
2019,AL,129,128,0,128,1,0.9922480620155039,0.0
2019,AR,149,148,0,148,1,0.9932885906040269,0.0
2019,AZ,408,406,0,406,2,0.9950980392156863,0.0
2019,CA,1440,1435,0,1435,5,0.9965277777777778,0.0
2019,CO,378,375,0,375,3,0.9920634920634921,0.0
2019,CT,208,206,0,206,2,0.9903846153846154,0.0
2019,DC,25,24,0,24,1,0.96,0.0
2019,DE,42,42,0,42,0,1.0,0.0
2019,FL,574,572,0,572,2,0.9965156794425087,0.0
2019,GA,298,297,0,297,1,0.9966442953020134,0.0
2019,HI,149,149,0,149,0,1.0,0.0
2019,IA,170,170,0,170,0,1.0,0.0
2019,ID,111,111,0,111,0,1.0,0.0
2019,IL,724,722,0,722,2,0.9972375690607734,0.0
2019,IN,355,353,0,353,2,0.9943661971830986,0.0
2019,KS,172,172,0,172,0,1.0,0.0
2019,KY,413,406,0,406,7,0.9830508474576272,0.0
2019,LA,123,122,0,122,1,0.991869918699187,0.0
2019,MA,402,398,0,398,4,0.9900497512437811,0.0
2019,MD,400,395,0,395,5,0.9875,0.0
2019,ME,169,165,0,165,4,0.9763313609467456,0.0
2019,MI,439,435,0,435,4,0.9908883826879271,0.0
2019,MN,395,395,0,395,0,1.0,0.0
2019,MO,264,263,0,263,1,0.9962121212121212,0.0
2019,MS,80,78,0,78,2,0.975,0.0
2019,MT,72,71,0,71,1,0.9861111111111112,0.0
2019,NC,481,479,0,479,2,0.9958419958419958,0.0
2019,ND,74,70,0,70,4,0.9459459459459459,0.0
2019,NE,120,114,0,114,6,0.95,0.0
2019,NH,76,76,0,76,0,1.0,0.0
2019,NJ,344,338,0,338,6,0.9825581395348837,0.0
2019,NM,140,140,0,140,0,1.0,0.0
2019,NV,81,80,0,80,1,0.9876543209876543,0.0
2019,NY,842,839,0,839,3,0.996437054631829,0.0
2019,OH,447,447,0,447,0,1.0,0.0
2019,OK,184,182,0,182,2,0.9891304347826086,0.0
2019,OR,215,214,0,214,1,0.9953488372093023,0.0
2019,PA,565,558,0,558,7,0.9876106194690265,0.0
2019,RI,58,58,0,58,0,1.0,0.0
2019,SC,108,106,0,106,2,0.9814814814814815,0.0
2019,SD,54,53,0,53,1,0.9814814814814815,0.0
2019,TN,286,283,0,283,3,0.9895104895104895,0.0
2019,TX,457,453,0,453,4,0.9912472647702407,0.0
2019,UT,291,290,0,290,1,0.9965635738831615,0.0
2019,VA,210,210,0,210,0,1.0,0.0
2019,VT,46,40,0,40,6,0.8695652173913043,0.0
2019,WA,418,417,0,417,1,0.9976076555023924,0.0
2019,WI,251,249,0,249,2,0.9920318725099602,0.0
2019,WV,87,87,0,87,0,1.0,0.0
2019,WY,55,55,0,55,0,1.0,0.0
2020,AK,95,95,0,95,0,1.0,0.0
2020,AL,134,131,0,131,3,0.9776119402985075,0.0
2020,AR,158,157,0,157,1,0.9936708860759493,0.0
2020,AZ,376,374,0,374,2,0.9946808510638298,0.0
2020,CA,1392,1387,0,1387,5,0.9964080459770115,0.0
2020,CO,361,359,0,359,2,0.9944598337950139,0.0
2020,CT,196,196,0,196,0,1.0,0.0
2020,DC,28,27,0,27,1,0.9642857142857143,0.0
2020,DE,43,43,0,43,0,1.0,0.0
2020,FL,594,592,0,592,2,0.9966329966329966,0.0
2020,GA,286,285,0,285,1,0.9965034965034965,0.0
2020,HI,154,154,0,154,0,1.0,0.0
2020,IA,178,178,0,178,0,1.0,0.0
2020,ID,105,105,0,105,0,1.0,0.0
2020,IL,693,691,0,691,2,0.9971139971139971,0.0
2020,IN,368,365,0,365,3,0.9918478260869565,0.0
2020,KS,161,161,0,161,0,1.0,0.0
2020,KY,459,453,0,453,6,0.9869281045751634,0.0
2020,LA,142,141,0,141,1,0.9929577464788732,0.0
2020,MA,422,419,0,419,3,0.9928909952606635,0.0
2020,MD,380,375,0,375,5,0.9868421052631579,0.0
2020,ME,180,178,0,178,2,0.9888888888888889,0.0
2020,MI,422,418,0,418,4,0.990521327014218,0.0
2020,MN,394,394,0,394,0,1.0,0.0
2020,MO,263,262,0,262,1,0.9961977186311787,0.0
2020,MS,87,84,0,84,3,0.9655172413793104,0.0
2020,MT,117,115,0,115,2,0.9829059829059829,0.0
2020,NC,541,538,0,538,3,0.9944547134935305,0.0
2020,ND,73,70,0,70,3,0.958904109589041,0.0
2020,NE,119,113,0,113,6,0.9495798319327731,0.0
2020,NH,81,81,0,81,0,1.0,0.0
2020,NJ,348,343,0,343,5,0.985632183908046,0.0
2020,NM,134,133,0,133,1,0.9925373134328358,0.0
2020,NV,89,88,0,88,1,0.9887640449438202,0.0
2020,NY,806,803,0,803,3,0.9962779156327544,0.0
2020,OH,489,489,0,489,0,1.0,0.0
2020,OK,176,173,0,173,3,0.9829545454545454,0.0
2020,OR,214,213,0,213,1,0.9953271028037384,0.0
2020,PA,564,559,0,559,5,0.9911347517730497,0.0
2020,RI,57,57,0,57,0,1.0,0.0
2020,SC,116,114,0,114,2,0.9827586206896551,0.0
2020,SD,53,53,0,53,0,1.0,0.0
2020,TN,292,289,0,289,3,0.9897260273972602,0.0
2020,TX,469,465,0,465,4,0.9914712153518124,0.0
2020,UT,306,305,0,305,1,0.9967320261437909,0.0
2020,VA,206,206,0,206,0,1.0,0.0
2020,VT,43,38,0,38,5,0.8837209302325582,0.0
2020,WA,418,417,0,417,1,0.9976076555023924,0.0
2020,WI,257,255,0,255,2,0.9922178988326849,0.0
2020,WV,93,93,0,93,0,1.0,0.0
2020,WY,57,57,0,57,0,1.0,0.0
