directory_year,survey_year,state,census_region,census_division,facility_count,warning_count,state_fips,warning_share
1998,1998,AK,West,Pacific,58,13,02,0.22413793103448276
1998,1998,AL,South,East South Central,59,6,01,0.1016949152542373
1998,1998,AR,South,West South Central,63,11,05,0.1746031746031746
1998,1998,AZ,West,Mountain,126,23,04,0.18253968253968253
1998,1998,CA,West,Pacific,1264,77,06,0.06091772151898734
1998,1998,CO,West,Mountain,203,7,08,0.034482758620689655
1998,1998,CT,Northeast,New England,184,20,09,0.10869565217391304
1998,1998,DC,South,South Atlantic,53,3,11,0.05660377358490566
1998,1998,DE,South,South Atlantic,41,10,10,0.24390243902439024
1998,1998,FL,South,South Atlantic,446,38,12,0.08520179372197309
1998,1998,GA,South,South Atlantic,167,16,13,0.09580838323353294
1998,1998,HI,West,Pacific,34,15,15,0.4411764705882353
1998,1998,IA,Midwest,West North Central,87,15,19,0.1724137931034483
1998,1998,ID,West,Mountain,41,5,16,0.12195121951219512
1998,1998,IL,Midwest,East North Central,477,42,17,0.0880503144654088
1998,1998,IN,Midwest,East North Central,262,7,18,0.026717557251908396
1998,1998,KS,Midwest,West North Central,132,13,20,0.09848484848484848
1998,1998,KY,South,East South Central,266,46,21,0.17293233082706766
1998,1998,LA,South,West South Central,117,8,22,0.06837606837606838
1998,1998,MA,Northeast,New England,255,28,25,0.10980392156862745
1998,1998,MD,South,South Atlantic,282,33,24,0.11702127659574468
1998,1998,ME,Northeast,New England,153,37,23,0.24183006535947713
1998,1998,MI,Midwest,East North Central,278,13,26,0.046762589928057555
1998,1998,MN,Midwest,West North Central,247,25,27,0.10121457489878542
1998,1998,MO,Midwest,West North Central,144,15,29,0.10416666666666667
1998,1998,MS,South,East South Central,54,4,28,0.07407407407407407
1998,1998,MT,West,Mountain,40,5,30,0.125
1998,1998,NC,South,South Atlantic,180,16,37,0.08888888888888889
1998,1998,ND,Midwest,West North Central,43,8,38,0.18604651162790697
1998,1998,NE,Midwest,West North Central,110,9,31,0.08181818181818182
1998,1998,NH,Northeast,New England,48,13,33,0.2708333333333333
1998,1998,NJ,Northeast,Middle Atlantic,190,34,34,0.17894736842105263
1998,1998,NM,West,Mountain,82,22,35,0.2682926829268293
1998,1998,NV,West,Mountain,45,4,32,0.08888888888888889
1998,1998,NY,Northeast,Middle Atlantic,1061,201,36,0.18944392082940623
1998,1998,OH,Midwest,East North Central,461,33,39,0.07158351409978309
1998,1998,OK,South,West South Central,138,14,40,0.10144927536231885
1998,1998,OR,West,Pacific,174,18,41,0.10344827586206896
1998,1998,PA,Northeast,Middle Atlantic,462,58,42,0.12554112554112554
1998,1998,RI,Northeast,New England,26,1,44,0.038461538461538464
1998,1998,SC,South,South Atlantic,62,10,45,0.16129032258064516
1998,1998,SD,Midwest,West North Central,45,7,46,0.15555555555555556
1998,1998,TN,South,East South Central,134,4,47,0.029850746268656716
1998,1998,TX,South,West South Central,549,35,48,0.06375227686703097
1998,1998,UT,West,Mountain,104,7,49,0.0673076923076923
1998,1998,VA,South,South Atlantic,114,15,51,0.13157894736842105
1998,1998,VT,Northeast,New England,18,1,50,0.05555555555555555
1998,1998,WA,West,Pacific,302,29,53,0.09602649006622517
1998,1998,WI,Midwest,East North Central,72,9,55,0.125
1998,1998,WV,South,South Atlantic,74,14,54,0.1891891891891892
1998,1998,WY,West,Mountain,41,0,56,0.0
2000,1999,AK,West,Pacific,60,10,02,0.16666666666666666
2000,1999,AL,South,East South Central,63,3,01,0.047619047619047616
2000,1999,AR,South,West South Central,58,3,05,0.05172413793103448
2000,1999,AZ,West,Mountain,197,22,04,0.1116751269035533
2000,1999,CA,West,Pacific,1293,73,06,0.05645784996133024
2000,1999,CO,West,Mountain,390,15,08,0.038461538461538464
2000,1999,CT,Northeast,New England,157,28,09,0.17834394904458598
2000,1999,DC,South,South Atlantic,63,2,11,0.031746031746031744
2000,1999,DE,South,South Atlantic,34,8,10,0.23529411764705882
2000,1999,FL,South,South Atlantic,455,20,12,0.04395604395604396
2000,1999,GA,South,South Atlantic,179,13,13,0.07262569832402235
2000,1999,HI,West,Pacific,21,11,15,0.5238095238095238
2000,1999,IA,Midwest,West North Central,75,9,19,0.12
2000,1999,ID,West,Mountain,36,3,16,0.08333333333333333
2000,1999,IL,Midwest,East North Central,411,51,17,0.12408759124087591
2000,1999,IN,Midwest,East North Central,224,9,18,0.04017857142857143
2000,1999,KS,Midwest,West North Central,154,20,20,0.12987012987012986
2000,1999,KY,South,East South Central,235,24,21,0.10212765957446808
2000,1999,LA,South,West South Central,99,11,22,0.1111111111111111
2000,1999,MA,Northeast,New England,227,28,25,0.12334801762114538
2000,1999,MD,South,South Atlantic,254,40,24,0.15748031496062992
2000,1999,ME,Northeast,New England,118,35,23,0.2966101694915254
2000,1999,MI,Midwest,East North Central,146,14,26,0.0958904109589041
2000,1999,MN,Midwest,West North Central,201,20,27,0.09950248756218906
2000,1999,MO,Midwest,West North Central,177,19,29,0.10734463276836158
2000,1999,MS,South,East South Central,78,8,28,0.10256410256410256
2000,1999,MT,West,Mountain,28,7,30,0.25
2000,1999,NC,South,South Atlantic,213,18,37,0.08450704225352113
2000,1999,ND,Midwest,West North Central,36,2,38,0.05555555555555555
2000,1999,NE,Midwest,West North Central,82,5,31,0.06097560975609756
2000,1999,NH,Northeast,New England,27,8,33,0.2962962962962963
2000,1999,NJ,Northeast,Middle Atlantic,214,34,34,0.1588785046728972
2000,1999,NM,West,Mountain,75,16,35,0.21333333333333335
2000,1999,NV,West,Mountain,22,2,32,0.09090909090909091
2000,1999,NY,Northeast,Middle Atlantic,1046,211,36,0.20172084130019122
2000,1999,OH,Midwest,East North Central,306,22,39,0.0718954248366013
2000,1999,OK,South,West South Central,131,8,40,0.061068702290076333
2000,1999,OR,West,Pacific,174,11,41,0.06321839080459771
2000,1999,PA,Northeast,Middle Atlantic,473,68,42,0.14376321353065538
2000,1999,RI,Northeast,New England,7,1,44,0.14285714285714285
2000,1999,SC,South,South Atlantic,80,7,45,0.0875
2000,1999,SD,Midwest,West North Central,37,2,46,0.05405405405405406
2000,1999,TN,South,East South Central,112,7,47,0.0625
2000,1999,TX,South,West South Central,432,27,48,0.0625
2000,1999,UT,West,Mountain,95,6,49,0.06315789473684211
2000,1999,VA,South,South Atlantic,111,6,51,0.05405405405405406
2000,1999,VT,Northeast,New England,27,4,50,0.14814814814814814
2000,1999,WA,West,Pacific,286,17,53,0.05944055944055944
2000,1999,WI,Midwest,East North Central,82,8,55,0.0975609756097561
2000,1999,WV,South,South Atlantic,123,21,54,0.17073170731707318
2000,1999,WY,West,Mountain,43,3,56,0.06976744186046512
2001,2000,AK,West,Pacific,61,10,02,0.16393442622950818
2001,2000,AL,South,East South Central,61,1,01,0.01639344262295082
2001,2000,AR,South,West South Central,46,4,05,0.08695652173913043
2001,2000,AZ,West,Mountain,181,17,04,0.09392265193370165
2001,2000,CA,West,Pacific,1346,77,06,0.057206537890044575
2001,2000,CO,West,Mountain,367,27,08,0.07356948228882834
2001,2000,CT,Northeast,New England,211,19,09,0.09004739336492891
2001,2000,DC,South,South Atlantic,49,1,11,0.02040816326530612
2001,2000,DE,South,South Atlantic,43,9,10,0.20930232558139536
2001,2000,FL,South,South Atlantic,483,16,12,0.033126293995859216
2001,2000,GA,South,South Atlantic,166,10,13,0.060240963855421686
2001,2000,HI,West,Pacific,50,20,15,0.4
2001,2000,IA,Midwest,West North Central,84,7,19,0.08333333333333333
2001,2000,ID,West,Mountain,38,2,16,0.05263157894736842
2001,2000,IL,Midwest,East North Central,532,25,17,0.046992481203007516
2001,2000,IN,Midwest,East North Central,241,9,18,0.03734439834024896
2001,2000,KS,Midwest,West North Central,154,9,20,0.05844155844155844
2001,2000,KY,South,East South Central,262,26,21,0.09923664122137404
2001,2000,LA,South,West South Central,120,12,22,0.1
2001,2000,MA,Northeast,New England,251,21,25,0.08366533864541832
2001,2000,MD,South,South Atlantic,300,19,24,0.06333333333333334
2001,2000,ME,Northeast,New England,165,28,23,0.1696969696969697
2001,2000,MI,Midwest,East North Central,382,20,26,0.05235602094240838
2001,2000,MN,Midwest,West North Central,243,11,27,0.04526748971193416
2001,2000,MO,Midwest,West North Central,208,15,29,0.07211538461538461
2001,2000,MS,South,East South Central,110,5,28,0.045454545454545456
2001,2000,MT,West,Mountain,32,4,30,0.125
2001,2000,NC,South,South Atlantic,203,14,37,0.06896551724137931
2001,2000,ND,Midwest,West North Central,44,5,38,0.11363636363636363
2001,2000,NE,Midwest,West North Central,85,3,31,0.03529411764705882
2001,2000,NH,Northeast,New England,43,7,33,0.16279069767441862
2001,2000,NJ,Northeast,Middle Atlantic,237,29,34,0.12236286919831224
2001,2000,NM,West,Mountain,76,13,35,0.17105263157894737
2001,2000,NV,West,Mountain,39,2,32,0.05128205128205128
2001,2000,NY,Northeast,Middle Atlantic,1138,153,36,0.1344463971880492
2001,2000,OH,Midwest,East North Central,461,21,39,0.0455531453362256
2001,2000,OK,South,West South Central,115,8,40,0.06956521739130435
2001,2000,OR,West,Pacific,182,6,41,0.03296703296703297
2001,2000,PA,Northeast,Middle Atlantic,454,49,42,0.10792951541850221
2001,2000,RI,Northeast,New England,33,1,44,0.030303030303030304
2001,2000,SC,South,South Atlantic,79,2,45,0.02531645569620253
2001,2000,SD,Midwest,West North Central,39,2,46,0.05128205128205128
2001,2000,TN,South,East South Central,146,6,47,0.0410958904109589
2001,2000,TX,South,West South Central,630,22,48,0.03492063492063492
2001,2000,UT,West,Mountain,105,7,49,0.06666666666666667
2001,2000,VA,South,South Atlantic,109,6,51,0.05504587155963303
2001,2000,VT,Northeast,New England,34,3,50,0.08823529411764706
2001,2000,WA,West,Pacific,273,16,53,0.05860805860805861
2001,2000,WI,Midwest,East North Central,169,18,55,0.10650887573964497
2001,2000,WV,South,South Atlantic,97,17,54,0.17525773195876287
2001,2000,WY,West,Mountain,43,2,56,0.046511627906976744
2003,2002,AK,West,Pacific,56,8,02,0.14285714285714285
2003,2002,AL,South,East South Central,74,2,01,0.02702702702702703
2003,2002,AR,South,West South Central,47,3,05,0.06382978723404255
2003,2002,AZ,West,Mountain,167,15,04,0.08982035928143713
2003,2002,CA,West,Pacific,1599,115,06,0.07191994996873045
2003,2002,CO,West,Mountain,362,12,08,0.03314917127071823
2003,2002,CT,Northeast,New England,204,18,09,0.08823529411764706
2003,2002,DC,South,South Atlantic,52,1,11,0.019230769230769232
2003,2002,DE,South,South Atlantic,38,8,10,0.21052631578947367
2003,2002,FL,South,South Atlantic,451,15,12,0.03325942350332594
2003,2002,GA,South,South Atlantic,179,9,13,0.05027932960893855
2003,2002,HI,West,Pacific,75,35,15,0.4666666666666667
2003,2002,IA,Midwest,West North Central,86,2,19,0.023255813953488372
2003,2002,ID,West,Mountain,55,1,16,0.01818181818181818
2003,2002,IL,Midwest,East North Central,547,30,17,0.054844606946983544
2003,2002,IN,Midwest,East North Central,268,8,18,0.029850746268656716
2003,2002,KS,Midwest,West North Central,153,7,20,0.0457516339869281
2003,2002,KY,South,East South Central,296,31,21,0.10472972972972973
2003,2002,LA,South,West South Central,136,9,22,0.0661764705882353
2003,2002,MA,Northeast,New England,255,19,25,0.07450980392156863
2003,2002,MD,South,South Atlantic,305,15,24,0.04918032786885246
2003,2002,ME,Northeast,New England,165,23,23,0.1393939393939394
2003,2002,MI,Midwest,East North Central,524,17,26,0.03244274809160305
2003,2002,MN,Midwest,West North Central,239,9,27,0.03765690376569038
2003,2002,MO,Midwest,West North Central,191,14,29,0.07329842931937172
2003,2002,MS,South,East South Central,97,4,28,0.041237113402061855
2003,2002,MT,West,Mountain,38,7,30,0.18421052631578946
2003,2002,NC,South,South Atlantic,223,13,37,0.05829596412556054
2003,2002,ND,Midwest,West North Central,45,3,38,0.06666666666666667
2003,2002,NE,Midwest,West North Central,92,4,31,0.043478260869565216
2003,2002,NH,Northeast,New England,49,5,33,0.10204081632653061
2003,2002,NJ,Northeast,Middle Atlantic,265,25,34,0.09433962264150944
2003,2002,NM,West,Mountain,53,7,35,0.1320754716981132
2003,2002,NV,West,Mountain,46,3,32,0.06521739130434782
2003,2002,NY,Northeast,Middle Atlantic,1125,119,36,0.10577777777777778
2003,2002,OH,Midwest,East North Central,441,16,39,0.036281179138321996
2003,2002,OK,South,West South Central,138,8,40,0.057971014492753624
2003,2002,OR,West,Pacific,186,7,41,0.03763440860215054
2003,2002,PA,Northeast,Middle Atlantic,439,48,42,0.10933940774487472
2003,2002,RI,Northeast,New England,46,1,44,0.021739130434782608
2003,2002,SC,South,South Atlantic,81,4,45,0.04938271604938271
2003,2002,SD,Midwest,West North Central,41,2,46,0.04878048780487805
2003,2002,TN,South,East South Central,149,4,47,0.026845637583892617
2003,2002,TX,South,West South Central,507,18,48,0.03550295857988166
2003,2002,UT,West,Mountain,111,8,49,0.07207207207207207
2003,2002,VA,South,South Atlantic,121,6,51,0.049586776859504134
2003,2002,VT,Northeast,New England,29,5,50,0.1724137931034483
2003,2002,WA,West,Pacific,270,10,53,0.037037037037037035
2003,2002,WI,Midwest,East North Central,242,21,55,0.08677685950413223
2003,2002,WV,South,South Atlantic,78,11,54,0.14102564102564102
2003,2002,WY,West,Mountain,41,1,56,0.024390243902439025
2004,2003,AK,West,Pacific,53,8,02,0.1509433962264151
2004,2003,AL,South,East South Central,76,3,01,0.039473684210526314
2004,2003,AR,South,West South Central,41,3,05,0.07317073170731707
2004,2003,AZ,West,Mountain,147,13,04,0.08843537414965986
2004,2003,CA,West,Pacific,1470,148,06,0.10068027210884353
2004,2003,CO,West,Mountain,291,13,08,0.044673539518900345
2004,2003,CT,Northeast,New England,185,18,09,0.0972972972972973
2004,2003,DC,South,South Atlantic,46,2,11,0.043478260869565216
2004,2003,DE,South,South Atlantic,36,7,10,0.19444444444444445
2004,2003,FL,South,South Atlantic,391,27,12,0.06905370843989769
2004,2003,GA,South,South Atlantic,165,16,13,0.09696969696969697
2004,2003,HI,West,Pacific,51,21,15,0.4117647058823529
2004,2003,IA,Midwest,West North Central,128,8,19,0.0625
2004,2003,ID,West,Mountain,49,3,16,0.061224489795918366
2004,2003,IL,Midwest,East North Central,381,25,17,0.06561679790026247
2004,2003,IN,Midwest,East North Central,247,18,18,0.0728744939271255
2004,2003,KS,Midwest,West North Central,166,10,20,0.060240963855421686
2004,2003,KY,South,East South Central,272,23,21,0.08455882352941177
2004,2003,LA,South,West South Central,69,5,22,0.07246376811594203
2004,2003,MA,Northeast,New England,164,20,25,0.12195121951219512
2004,2003,MD,South,South Atlantic,273,15,24,0.054945054945054944
2004,2003,ME,Northeast,New England,143,29,23,0.20279720279720279
2004,2003,MI,Midwest,East North Central,393,15,26,0.03816793893129771
2004,2003,MN,Midwest,West North Central,214,6,27,0.028037383177570093
2004,2003,MO,Midwest,West North Central,145,11,29,0.07586206896551724
2004,2003,MS,South,East South Central,84,3,28,0.03571428571428571
2004,2003,MT,West,Mountain,26,3,30,0.11538461538461539
2004,2003,NC,South,South Atlantic,201,12,37,0.05970149253731343
2004,2003,ND,Midwest,West North Central,37,5,38,0.13513513513513514
2004,2003,NE,Midwest,West North Central,77,7,31,0.09090909090909091
2004,2003,NH,Northeast,New England,37,7,33,0.1891891891891892
2004,2003,NJ,Northeast,Middle Atlantic,231,35,34,0.15151515151515152
2004,2003,NM,West,Mountain,54,7,35,0.12962962962962962
2004,2003,NV,West,Mountain,51,3,32,0.058823529411764705
2004,2003,NY,Northeast,Middle Atlantic,959,159,36,0.16579770594369134
2004,2003,OH,Midwest,East North Central,386,35,39,0.09067357512953368
2004,2003,OK,South,West South Central,113,7,40,0.061946902654867256
2004,2003,OR,West,Pacific,165,10,41,0.06060606060606061
2004,2003,PA,Northeast,Middle Atlantic,373,54,42,0.1447721179624665
2004,2003,RI,Northeast,New England,45,1,44,0.022222222222222223
2004,2003,SC,South,South Atlantic,79,8,45,0.10126582278481013
2004,2003,SD,Midwest,West North Central,39,2,46,0.05128205128205128
2004,2003,TN,South,East South Central,134,5,47,0.03731343283582089
2004,2003,TX,South,West South Central,455,27,48,0.05934065934065934
2004,2003,UT,West,Mountain,83,5,49,0.060240963855421686
2004,2003,VA,South,South Atlantic,110,9,51,0.08181818181818182
2004,2003,VT,Northeast,New England,25,5,50,0.2
2004,2003,WA,West,Pacific,264,21,53,0.07954545454545454
2004,2003,WI,Midwest,East North Central,167,12,55,0.0718562874251497
2004,2003,WV,South,South Atlantic,74,12,54,0.16216216216216217
2004,2003,WY,West,Mountain,42,1,56,0.023809523809523808
2005,2004,AK,West,Pacific,50,6,02,0.12
2005,2004,AL,South,East South Central,84,2,01,0.023809523809523808
2005,2004,AR,South,West South Central,44,3,05,0.06818181818181818
2005,2004,AZ,West,Mountain,144,14,04,0.09722222222222222
2005,2004,CA,West,Pacific,1547,97,06,0.06270200387847447
2005,2004,CO,West,Mountain,370,15,08,0.04054054054054054
2005,2004,CT,Northeast,New England,176,13,09,0.07386363636363637
2005,2004,DC,South,South Atlantic,46,1,11,0.021739130434782608
2005,2004,DE,South,South Atlantic,37,4,10,0.10810810810810811
2005,2004,FL,South,South Atlantic,400,13,12,0.0325
2005,2004,GA,South,South Atlantic,161,8,13,0.049689440993788817
2005,2004,HI,West,Pacific,78,36,15,0.46153846153846156
2005,2004,IA,Midwest,West North Central,87,5,19,0.05747126436781609
2005,2004,ID,West,Mountain,66,2,16,0.030303030303030304
2005,2004,IL,Midwest,East North Central,534,20,17,0.03745318352059925
2005,2004,IN,Midwest,East North Central,281,8,18,0.028469750889679714
2005,2004,KS,Midwest,West North Central,176,9,20,0.05113636363636364
2005,2004,KY,South,East South Central,284,14,21,0.04929577464788732
2005,2004,LA,South,West South Central,124,9,22,0.07258064516129033
2005,2004,MA,Northeast,New England,229,19,25,0.08296943231441048
2005,2004,MD,South,South Atlantic,310,13,24,0.041935483870967745
2005,2004,ME,Northeast,New England,164,15,23,0.09146341463414634
2005,2004,MI,Midwest,East North Central,487,17,26,0.03490759753593429
2005,2004,MN,Midwest,West North Central,226,2,27,0.008849557522123894
2005,2004,MO,Midwest,West North Central,167,10,29,0.059880239520958084
2005,2004,MS,South,East South Central,79,1,28,0.012658227848101266
2005,2004,MT,West,Mountain,33,4,30,0.12121212121212122
2005,2004,NC,South,South Atlantic,253,13,37,0.05138339920948617
2005,2004,ND,Midwest,West North Central,45,2,38,0.044444444444444446
2005,2004,NE,Midwest,West North Central,83,2,31,0.024096385542168676
2005,2004,NH,Northeast,New England,43,6,33,0.13953488372093023
2005,2004,NJ,Northeast,Middle Atlantic,267,24,34,0.0898876404494382
2005,2004,NM,West,Mountain,59,3,35,0.05084745762711865
2005,2004,NV,West,Mountain,53,1,32,0.018867924528301886
2005,2004,NY,Northeast,Middle Atlantic,960,88,36,0.09166666666666666
2005,2004,OH,Midwest,East North Central,398,9,39,0.022613065326633167
2005,2004,OK,South,West South Central,119,5,40,0.04201680672268908
2005,2004,OR,West,Pacific,186,1,41,0.005376344086021506
2005,2004,PA,Northeast,Middle Atlantic,368,38,42,0.10326086956521739
2005,2004,RI,Northeast,New England,49,1,44,0.02040816326530612
2005,2004,SC,South,South Atlantic,80,3,45,0.0375
2005,2004,SD,Midwest,West North Central,41,2,46,0.04878048780487805
2005,2004,TN,South,East South Central,154,1,47,0.006493506493506494
2005,2004,TX,South,West South Central,490,18,48,0.036734693877551024
2005,2004,UT,West,Mountain,104,4,49,0.038461538461538464
2005,2004,VA,South,South Atlantic,118,4,51,0.03389830508474576
2005,2004,VT,Northeast,New England,30,4,50,0.13333333333333333
2005,2004,WA,West,Pacific,293,13,53,0.04436860068259386
2005,2004,WI,Midwest,East North Central,205,12,55,0.05853658536585366
2005,2004,WV,South,South Atlantic,66,6,54,0.09090909090909091
2005,2004,WY,West,Mountain,39,0,56,0.0
2006,2005,AK,West,Pacific,51,4,02,0.0784313725490196
2006,2005,AL,South,East South Central,84,3,01,0.03571428571428571
2006,2005,AR,South,West South Central,37,3,05,0.08108108108108109
2006,2005,AZ,West,Mountain,137,10,04,0.072992700729927
2006,2005,CA,West,Pacific,1479,102,06,0.06896551724137931
2006,2005,CO,West,Mountain,369,7,08,0.018970189701897018
2006,2005,CT,Northeast,New England,165,14,09,0.08484848484848485
2006,2005,DC,South,South Atlantic,42,1,11,0.023809523809523808
2006,2005,DE,South,South Atlantic,36,4,10,0.1111111111111111
2006,2005,FL,South,South Atlantic,458,14,12,0.03056768558951965
2006,2005,GA,South,South Atlantic,165,8,13,0.048484848484848485
2006,2005,HI,West,Pacific,82,41,15,0.5
2006,2005,IA,Midwest,West North Central,86,5,19,0.05813953488372093
2006,2005,ID,West,Mountain,55,1,16,0.01818181818181818
2006,2005,IL,Midwest,East North Central,527,26,17,0.04933586337760911
2006,2005,IN,Midwest,East North Central,278,9,18,0.03237410071942446
2006,2005,KS,Midwest,West North Central,180,8,20,0.044444444444444446
2006,2005,KY,South,East South Central,266,18,21,0.06766917293233082
2006,2005,LA,South,West South Central,112,8,22,0.07142857142857142
2006,2005,MA,Northeast,New England,216,16,25,0.07407407407407407
2006,2005,MD,South,South Atlantic,299,11,24,0.03678929765886288
2006,2005,ME,Northeast,New England,167,16,23,0.09580838323353294
2006,2005,MI,Midwest,East North Central,460,15,26,0.03260869565217391
2006,2005,MN,Midwest,West North Central,213,3,27,0.014084507042253521
2006,2005,MO,Midwest,West North Central,188,10,29,0.05319148936170213
2006,2005,MS,South,East South Central,77,1,28,0.012987012987012988
2006,2005,MT,West,Mountain,33,5,30,0.15151515151515152
2006,2005,NC,South,South Atlantic,254,9,37,0.03543307086614173
2006,2005,ND,Midwest,West North Central,48,3,38,0.0625
2006,2005,NE,Midwest,West North Central,86,1,31,0.011627906976744186
2006,2005,NH,Northeast,New England,38,5,33,0.13157894736842105
2006,2005,NJ,Northeast,Middle Atlantic,281,28,34,0.099644128113879
2006,2005,NM,West,Mountain,56,3,35,0.05357142857142857
2006,2005,NV,West,Mountain,55,2,32,0.03636363636363636
2006,2005,NY,Northeast,Middle Atlantic,913,90,36,0.09857612267250822
2006,2005,OH,Midwest,East North Central,366,6,39,0.01639344262295082
2006,2005,OK,South,West South Central,114,6,40,0.05263157894736842
2006,2005,OR,West,Pacific,183,0,41,0.0
2006,2005,PA,Northeast,Middle Atlantic,354,38,42,0.10734463276836158
2006,2005,RI,Northeast,New England,48,1,44,0.020833333333333332
2006,2005,SC,South,South Atlantic,74,1,45,0.013513513513513514
2006,2005,SD,Midwest,West North Central,49,1,46,0.02040816326530612
2006,2005,TN,South,East South Central,144,2,47,0.013888888888888888
2006,2005,TX,South,West South Central,442,20,48,0.04524886877828054
2006,2005,UT,West,Mountain,97,5,49,0.05154639175257732
2006,2005,VA,South,South Atlantic,106,0,51,0.0
2006,2005,VT,Northeast,New England,29,3,50,0.10344827586206896
2006,2005,WA,West,Pacific,336,13,53,0.03869047619047619
2006,2005,WI,Midwest,East North Central,195,15,55,0.07692307692307693
2006,2005,WV,South,South Atlantic,62,6,54,0.0967741935483871
2006,2005,WY,West,Mountain,41,1,56,0.024390243902439025
2007,2006,AK,West,Pacific,52,4,02,0.07692307692307693
2007,2006,AL,South,East South Central,88,4,01,0.045454545454545456
2007,2006,AR,South,West South Central,37,2,05,0.05405405405405406
2007,2006,AZ,West,Mountain,140,10,04,0.07142857142857142
2007,2006,CA,West,Pacific,1516,108,06,0.0712401055408971
2007,2006,CO,West,Mountain,365,10,08,0.0273972602739726
2007,2006,CT,Northeast,New England,165,12,09,0.07272727272727272
2007,2006,DC,South,South Atlantic,38,1,11,0.02631578947368421
2007,2006,DE,South,South Atlantic,36,6,10,0.16666666666666666
2007,2006,FL,South,South Atlantic,490,16,12,0.0326530612244898
2007,2006,GA,South,South Atlantic,165,8,13,0.048484848484848485
2007,2006,HI,West,Pacific,96,49,15,0.5104166666666666
2007,2006,IA,Midwest,West North Central,83,5,19,0.060240963855421686
2007,2006,ID,West,Mountain,47,2,16,0.0425531914893617
2007,2006,IL,Midwest,East North Central,526,27,17,0.051330798479087454
2007,2006,IN,Midwest,East North Central,296,14,18,0.0472972972972973
2007,2006,KS,Midwest,West North Central,190,10,20,0.05263157894736842
2007,2006,KY,South,East South Central,255,14,21,0.054901960784313725
2007,2006,LA,South,West South Central,106,10,22,0.09433962264150944
2007,2006,MA,Northeast,New England,221,18,25,0.08144796380090498
2007,2006,MD,South,South Atlantic,304,17,24,0.05592105263157895
2007,2006,ME,Northeast,New England,164,10,23,0.06097560975609756
2007,2006,MI,Midwest,East North Central,460,15,26,0.03260869565217391
2007,2006,MN,Midwest,West North Central,224,2,27,0.008928571428571428
2007,2006,MO,Midwest,West North Central,208,8,29,0.038461538461538464
2007,2006,MS,South,East South Central,77,1,28,0.012987012987012988
2007,2006,MT,West,Mountain,34,4,30,0.11764705882352941
2007,2006,NC,South,South Atlantic,259,11,37,0.04247104247104247
2007,2006,ND,Midwest,West North Central,54,4,38,0.07407407407407407
2007,2006,NE,Midwest,West North Central,88,2,31,0.022727272727272728
2007,2006,NH,Northeast,New England,37,5,33,0.13513513513513514
2007,2006,NJ,Northeast,Middle Atlantic,274,24,34,0.08759124087591241
2007,2006,NM,West,Mountain,57,2,35,0.03508771929824561
2007,2006,NV,West,Mountain,52,2,32,0.038461538461538464
2007,2006,NY,Northeast,Middle Atlantic,913,94,36,0.10295728368017525
2007,2006,OH,Midwest,East North Central,355,9,39,0.02535211267605634
2007,2006,OK,South,West South Central,128,7,40,0.0546875
2007,2006,OR,West,Pacific,186,1,41,0.005376344086021506
2007,2006,PA,Northeast,Middle Atlantic,359,41,42,0.11420612813370473
2007,2006,RI,Northeast,New England,47,0,44,0.0
2007,2006,SC,South,South Atlantic,76,2,45,0.02631578947368421
2007,2006,SD,Midwest,West North Central,51,1,46,0.0196078431372549
2007,2006,TN,South,East South Central,157,3,47,0.01910828025477707
2007,2006,TX,South,West South Central,430,14,48,0.03255813953488372
2007,2006,UT,West,Mountain,102,3,49,0.029411764705882353
2007,2006,VA,South,South Atlantic,105,2,51,0.01904761904761905
2007,2006,VT,Northeast,New England,31,2,50,0.06451612903225806
2007,2006,WA,West,Pacific,379,15,53,0.0395778364116095
2007,2006,WI,Midwest,East North Central,198,11,55,0.05555555555555555
2007,2006,WV,South,South Atlantic,60,6,54,0.1
2007,2006,WY,West,Mountain,44,2,56,0.045454545454545456
2008,2007,AK,West,Pacific,55,6,02,0.10909090909090909
2008,2007,AL,South,East South Central,94,2,01,0.02127659574468085
2008,2007,AR,South,West South Central,36,2,05,0.05555555555555555
2008,2007,AZ,West,Mountain,145,7,04,0.04827586206896552
2008,2007,CA,West,Pacific,1512,109,06,0.07208994708994709
2008,2007,CO,West,Mountain,364,12,08,0.03296703296703297
2008,2007,CT,Northeast,New England,170,15,09,0.08823529411764706
2008,2007,DC,South,South Atlantic,39,1,11,0.02564102564102564
2008,2007,DE,South,South Atlantic,29,3,10,0.10344827586206896
2008,2007,FL,South,South Atlantic,469,20,12,0.042643923240938165
2008,2007,GA,South,South Atlantic,158,7,13,0.04430379746835443
2008,2007,HI,West,Pacific,109,54,15,0.4954128440366973
2008,2007,IA,Midwest,West North Central,89,7,19,0.07865168539325842
2008,2007,ID,West,Mountain,58,3,16,0.05172413793103448
2008,2007,IL,Midwest,East North Central,567,22,17,0.03880070546737213
2008,2007,IN,Midwest,East North Central,291,12,18,0.041237113402061855
2008,2007,KS,Midwest,West North Central,203,13,20,0.06403940886699508
2008,2007,KY,South,East South Central,267,10,21,0.03745318352059925
2008,2007,LA,South,West South Central,117,9,22,0.07692307692307693
2008,2007,MA,Northeast,New England,219,15,25,0.0684931506849315
2008,2007,MD,South,South Atlantic,310,14,24,0.04516129032258064
2008,2007,ME,Northeast,New England,177,12,23,0.06779661016949153
2008,2007,MI,Midwest,East North Central,462,16,26,0.03463203463203463
2008,2007,MN,Midwest,West North Central,250,6,27,0.024
2008,2007,MO,Midwest,West North Central,216,8,29,0.037037037037037035
2008,2007,MS,South,East South Central,80,2,28,0.025
2008,2007,MT,West,Mountain,38,3,30,0.07894736842105263
2008,2007,NC,South,South Atlantic,301,12,37,0.03986710963455149
2008,2007,ND,Midwest,West North Central,55,4,38,0.07272727272727272
2008,2007,NE,Midwest,West North Central,87,2,31,0.022988505747126436
2008,2007,NH,Northeast,New England,38,4,33,0.10526315789473684
2008,2007,NJ,Northeast,Middle Atlantic,277,25,34,0.09025270758122744
2008,2007,NM,West,Mountain,72,5,35,0.06944444444444445
2008,2007,NV,West,Mountain,50,2,32,0.04
2008,2007,NY,Northeast,Middle Atlantic,895,93,36,0.10391061452513967
2008,2007,OH,Midwest,East North Central,347,5,39,0.01440922190201729
2008,2007,OK,South,West South Central,146,6,40,0.0410958904109589
2008,2007,OR,West,Pacific,192,2,41,0.010416666666666666
2008,2007,PA,Northeast,Middle Atlantic,414,43,42,0.10386473429951691
2008,2007,RI,Northeast,New England,46,0,44,0.0
2008,2007,SC,South,South Atlantic,80,1,45,0.0125
2008,2007,SD,Midwest,West North Central,51,2,46,0.0392156862745098
2008,2007,TN,South,East South Central,158,2,47,0.012658227848101266
2008,2007,TX,South,West South Central,435,16,48,0.0367816091954023
2008,2007,UT,West,Mountain,112,3,49,0.026785714285714284
2008,2007,VA,South,South Atlantic,108,1,51,0.009259259259259259
2008,2007,VT,Northeast,New England,31,2,50,0.06451612903225806
2008,2007,WA,West,Pacific,391,15,53,0.03836317135549872
2008,2007,WI,Midwest,East North Central,207,12,55,0.057971014492753624
2008,2007,WV,South,South Atlantic,63,5,54,0.07936507936507936
2008,2007,WY,West,Mountain,44,1,56,0.022727272727272728
2009,2008,AK,West,Pacific,54,4,02,0.07407407407407407
2009,2008,AL,South,East South Central,92,2,01,0.021739130434782608
2009,2008,AR,South,West South Central,41,3,05,0.07317073170731707
2009,2008,AZ,West,Mountain,137,8,04,0.058394160583941604
2009,2008,CA,West,Pacific,1499,111,06,0.07404936624416278
2009,2008,CO,West,Mountain,368,14,08,0.03804347826086957
2009,2008,CT,Northeast,New England,158,13,09,0.08227848101265822
2009,2008,DC,South,South Atlantic,39,2,11,0.05128205128205128
2009,2008,DE,South,South Atlantic,33,2,10,0.06060606060606061
2009,2008,FL,South,South Atlantic,477,20,12,0.041928721174004195
2009,2008,GA,South,South Atlantic,161,5,13,0.031055900621118012
2009,2008,HI,West,Pacific,114,55,15,0.4824561403508772
2009,2008,IA,Midwest,West North Central,84,7,19,0.08333333333333333
2009,2008,ID,West,Mountain,67,2,16,0.029850746268656716
2009,2008,IL,Midwest,East North Central,566,24,17,0.04240282685512368
2009,2008,IN,Midwest,East North Central,268,8,18,0.029850746268656716
2009,2008,KS,Midwest,West North Central,201,13,20,0.06467661691542288
2009,2008,KY,South,East South Central,265,8,21,0.03018867924528302
2009,2008,LA,South,West South Central,127,7,22,0.05511811023622047
2009,2008,MA,Northeast,New England,227,20,25,0.0881057268722467
2009,2008,MD,South,South Atlantic,316,19,24,0.060126582278481014
2009,2008,ME,Northeast,New England,170,13,23,0.07647058823529412
2009,2008,MI,Midwest,East North Central,452,21,26,0.046460176991150445
2009,2008,MN,Midwest,West North Central,258,3,27,0.011627906976744186
2009,2008,MO,Midwest,West North Central,211,7,29,0.03317535545023697
2009,2008,MS,South,East South Central,77,2,28,0.025974025974025976
2009,2008,MT,West,Mountain,38,4,30,0.10526315789473684
2009,2008,NC,South,South Atlantic,317,10,37,0.031545741324921134
2009,2008,ND,Midwest,West North Central,55,3,38,0.05454545454545454
2009,2008,NE,Midwest,West North Central,93,1,31,0.010752688172043012
2009,2008,NH,Northeast,New England,35,4,33,0.11428571428571428
2009,2008,NJ,Northeast,Middle Atlantic,278,26,34,0.09352517985611511
2009,2008,NM,West,Mountain,85,4,35,0.047058823529411764
2009,2008,NV,West,Mountain,62,1,32,0.016129032258064516
2009,2008,NY,Northeast,Middle Atlantic,880,91,36,0.10340909090909091
2009,2008,OH,Midwest,East North Central,337,6,39,0.017804154302670624
2009,2008,OK,South,West South Central,140,5,40,0.03571428571428571
2009,2008,OR,West,Pacific,210,4,41,0.01904761904761905
2009,2008,PA,Northeast,Middle Atlantic,438,48,42,0.1095890410958904
2009,2008,RI,Northeast,New England,48,2,44,0.041666666666666664
2009,2008,SC,South,South Atlantic,80,4,45,0.05
2009,2008,SD,Midwest,West North Central,49,2,46,0.04081632653061224
2009,2008,TN,South,East South Central,160,5,47,0.03125
2009,2008,TX,South,West South Central,401,17,48,0.04239401496259352
2009,2008,UT,West,Mountain,114,4,49,0.03508771929824561
2009,2008,VA,South,South Atlantic,111,1,51,0.009009009009009009
2009,2008,VT,Northeast,New England,36,3,50,0.08333333333333333
2009,2008,WA,West,Pacific,389,17,53,0.043701799485861184
2009,2008,WI,Midwest,East North Central,203,16,55,0.07881773399014778
2009,2008,WV,South,South Atlantic,62,3,54,0.04838709677419355
2009,2008,WY,West,Mountain,44,0,56,0.0
2010,2009,AK,West,Pacific,63,4,02,0.06349206349206349
2010,2009,AL,South,East South Central,99,4,01,0.04040404040404041
2010,2009,AR,South,West South Central,33,2,05,0.06060606060606061
2010,2009,AZ,West,Mountain,175,8,04,0.045714285714285714
2010,2009,CA,West,Pacific,1491,103,06,0.06908115358819585
2010,2009,CO,West,Mountain,356,12,08,0.033707865168539325
2010,2009,CT,Northeast,New England,156,14,09,0.08974358974358974
2010,2009,DC,South,South Atlantic,36,2,11,0.05555555555555555
2010,2009,DE,South,South Atlantic,29,4,10,0.13793103448275862
2010,2009,FL,South,South Atlantic,454,21,12,0.046255506607929514
2010,2009,GA,South,South Atlantic,158,8,13,0.05063291139240506
2010,2009,HI,West,Pacific,114,56,15,0.49122807017543857
2010,2009,IA,Midwest,West North Central,85,6,19,0.07058823529411765
2010,2009,ID,West,Mountain,62,2,16,0.03225806451612903
2010,2009,IL,Midwest,East North Central,582,22,17,0.037800687285223365
2010,2009,IN,Midwest,East North Central,267,6,18,0.02247191011235955
2010,2009,KS,Midwest,West North Central,178,6,20,0.033707865168539325
2010,2009,KY,South,East South Central,270,10,21,0.037037037037037035
2010,2009,LA,South,West South Central,126,8,22,0.06349206349206349
2010,2009,MA,Northeast,New England,236,13,25,0.05508474576271186
2010,2009,MD,South,South Atlantic,292,18,24,0.06164383561643835
2010,2009,ME,Northeast,New England,148,9,23,0.060810810810810814
2010,2009,MI,Midwest,East North Central,442,10,26,0.02262443438914027
2010,2009,MN,Midwest,West North Central,274,5,27,0.01824817518248175
2010,2009,MO,Midwest,West North Central,213,8,29,0.03755868544600939
2010,2009,MS,South,East South Central,77,2,28,0.025974025974025976
2010,2009,MT,West,Mountain,40,5,30,0.125
2010,2009,NC,South,South Atlantic,341,12,37,0.03519061583577713
2010,2009,ND,Midwest,West North Central,53,2,38,0.03773584905660377
2010,2009,NE,Midwest,West North Central,97,0,31,0.0
2010,2009,NH,Northeast,New England,37,2,33,0.05405405405405406
2010,2009,NJ,Northeast,Middle Atlantic,282,22,34,0.07801418439716312
2010,2009,NM,West,Mountain,85,3,35,0.03529411764705882
2010,2009,NV,West,Mountain,65,2,32,0.03076923076923077
2010,2009,NY,Northeast,Middle Atlantic,876,85,36,0.09703196347031963
2010,2009,OH,Midwest,East North Central,321,4,39,0.012461059190031152
2010,2009,OK,South,West South Central,152,3,40,0.019736842105263157
2010,2009,OR,West,Pacific,222,5,41,0.02252252252252252
2010,2009,PA,Northeast,Middle Atlantic,441,40,42,0.09070294784580499
2010,2009,RI,Northeast,New England,54,1,44,0.018518518518518517
2010,2009,SC,South,South Atlantic,86,1,45,0.011627906976744186
2010,2009,SD,Midwest,West North Central,46,1,46,0.021739130434782608
2010,2009,TN,South,East South Central,150,3,47,0.02
2010,2009,TX,South,West South Central,394,13,48,0.03299492385786802
2010,2009,UT,West,Mountain,114,2,49,0.017543859649122806
2010,2009,VA,South,South Atlantic,111,2,51,0.018018018018018018
2010,2009,VT,Northeast,New England,33,3,50,0.09090909090909091
2010,2009,WA,West,Pacific,385,14,53,0.03636363636363636
2010,2009,WI,Midwest,East North Central,212,15,55,0.07075471698113207
2010,2009,WV,South,South Atlantic,62,2,54,0.03225806451612903
2010,2009,WY,West,Mountain,42,1,56,0.023809523809523808
2011,2010,AK,West,Pacific,57,3,02,0.05263157894736842
2011,2010,AL,South,East South Central,95,2,01,0.021052631578947368
2011,2010,AR,South,West South Central,41,2,05,0.04878048780487805
2011,2010,AZ,West,Mountain,165,9,04,0.05454545454545454
2011,2010,CA,West,Pacific,1415,84,06,0.059363957597173146
2011,2010,CO,West,Mountain,388,18,08,0.04639175257731959
2011,2010,CT,Northeast,New England,150,10,09,0.06666666666666667
2011,2010,DC,South,South Atlantic,32,1,11,0.03125
2011,2010,DE,South,South Atlantic,25,2,10,0.08
2011,2010,FL,South,South Atlantic,446,16,12,0.03587443946188341
2011,2010,GA,South,South Atlantic,154,4,13,0.025974025974025976
2011,2010,HI,West,Pacific,110,52,15,0.4727272727272727
2011,2010,IA,Midwest,West North Central,84,4,19,0.047619047619047616
2011,2010,ID,West,Mountain,80,1,16,0.0125
2011,2010,IL,Midwest,East North Central,592,23,17,0.03885135135135135
2011,2010,IN,Midwest,East North Central,246,6,18,0.024390243902439025
2011,2010,KS,Midwest,West North Central,197,12,20,0.06091370558375635
2011,2010,KY,South,East South Central,269,6,21,0.022304832713754646
2011,2010,LA,South,West South Central,119,10,22,0.08403361344537816
2011,2010,MA,Northeast,New England,231,16,25,0.06926406926406926
2011,2010,MD,South,South Atlantic,306,18,24,0.058823529411764705
2011,2010,ME,Northeast,New England,164,10,23,0.06097560975609756
2011,2010,MI,Midwest,East North Central,439,15,26,0.03416856492027335
2011,2010,MN,Midwest,West North Central,279,4,27,0.014336917562724014
2011,2010,MO,Midwest,West North Central,243,11,29,0.04526748971193416
2011,2010,MS,South,East South Central,74,1,28,0.013513513513513514
2011,2010,MT,West,Mountain,39,4,30,0.10256410256410256
2011,2010,NC,South,South Atlantic,342,5,37,0.014619883040935672
2011,2010,ND,Midwest,West North Central,50,2,38,0.04
2011,2010,NE,Midwest,West North Central,100,4,31,0.04
2011,2010,NH,Northeast,New England,34,2,33,0.058823529411764705
2011,2010,NJ,Northeast,Middle Atlantic,290,22,34,0.07586206896551724
2011,2010,NM,West,Mountain,90,3,35,0.03333333333333333
2011,2010,NV,West,Mountain,67,1,32,0.014925373134328358
2011,2010,NY,Northeast,Middle Atlantic,916,86,36,0.09388646288209607
2011,2010,OH,Midwest,East North Central,301,6,39,0.019933554817275746
2011,2010,OK,South,West South Central,150,2,40,0.013333333333333334
2011,2010,OR,West,Pacific,190,5,41,0.02631578947368421
2011,2010,PA,Northeast,Middle Atlantic,454,36,42,0.07929515418502203
2011,2010,RI,Northeast,New England,50,1,44,0.02
2011,2010,SC,South,South Atlantic,87,2,45,0.022988505747126436
2011,2010,SD,Midwest,West North Central,48,2,46,0.041666666666666664
2011,2010,TN,South,East South Central,155,2,47,0.012903225806451613
2011,2010,TX,South,West South Central,387,10,48,0.025839793281653745
2011,2010,UT,West,Mountain,123,5,49,0.04065040650406504
2011,2010,VA,South,South Atlantic,112,1,51,0.008928571428571428
2011,2010,VT,Northeast,New England,33,1,50,0.030303030303030304
2011,2010,WA,West,Pacific,415,12,53,0.02891566265060241
2011,2010,WI,Midwest,East North Central,213,14,55,0.06572769953051644
2011,2010,WV,South,South Atlantic,62,2,54,0.03225806451612903
2011,2010,WY,West,Mountain,41,0,56,0.0
2012,2011,AK,West,Pacific,59,4,02,0.06779661016949153
2012,2011,AL,South,East South Central,104,4,01,0.038461538461538464
2012,2011,AR,South,West South Central,60,2,05,0.03333333333333333
2012,2011,AZ,West,Mountain,171,10,04,0.05847953216374269
2012,2011,CA,West,Pacific,1386,88,06,0.06349206349206349
2012,2011,CO,West,Mountain,387,12,08,0.031007751937984496
2012,2011,CT,Northeast,New England,142,11,09,0.07746478873239436
2012,2011,DC,South,South Atlantic,34,1,11,0.029411764705882353
2012,2011,DE,South,South Atlantic,30,2,10,0.06666666666666667
2012,2011,FL,South,South Atlantic,471,16,12,0.03397027600849257
2012,2011,GA,South,South Atlantic,171,7,13,0.04093567251461988
2012,2011,HI,West,Pacific,112,53,15,0.4732142857142857
2012,2011,IA,Midwest,West North Central,85,3,19,0.03529411764705882
2012,2011,ID,West,Mountain,89,1,16,0.011235955056179775
2012,2011,IL,Midwest,East North Central,609,23,17,0.03776683087027915
2012,2011,IN,Midwest,East North Central,236,6,18,0.025423728813559324
2012,2011,KS,Midwest,West North Central,205,9,20,0.04390243902439024
2012,2011,KY,South,East South Central,296,7,21,0.02364864864864865
2012,2011,LA,South,West South Central,107,9,22,0.08411214953271028
2012,2011,MA,Northeast,New England,244,10,25,0.040983606557377046
2012,2011,MD,South,South Atlantic,311,22,24,0.0707395498392283
2012,2011,ME,Northeast,New England,179,7,23,0.03910614525139665
2012,2011,MI,Midwest,East North Central,450,23,26,0.051111111111111114
2012,2011,MN,Midwest,West North Central,303,6,27,0.019801980198019802
2012,2011,MO,Midwest,West North Central,257,18,29,0.07003891050583658
2012,2011,MS,South,East South Central,71,3,28,0.04225352112676056
2012,2011,MT,West,Mountain,45,4,30,0.08888888888888889
2012,2011,NC,South,South Atlantic,349,7,37,0.02005730659025788
2012,2011,ND,Midwest,West North Central,52,3,38,0.057692307692307696
2012,2011,NE,Midwest,West North Central,100,4,31,0.04
2012,2011,NH,Northeast,New England,39,3,33,0.07692307692307693
2012,2011,NJ,Northeast,Middle Atlantic,317,21,34,0.06624605678233439
2012,2011,NM,West,Mountain,95,6,35,0.06315789473684211
2012,2011,NV,West,Mountain,62,0,32,0.0
2012,2011,NY,Northeast,Middle Atlantic,815,85,36,0.10429447852760736
2012,2011,OH,Midwest,East North Central,304,8,39,0.02631578947368421
2012,2011,OK,South,West South Central,166,5,40,0.030120481927710843
2012,2011,OR,West,Pacific,208,3,41,0.014423076923076924
2012,2011,PA,Northeast,Middle Atlantic,463,32,42,0.06911447084233262
2012,2011,RI,Northeast,New England,50,1,44,0.02
2012,2011,SC,South,South Atlantic,92,1,45,0.010869565217391304
2012,2011,SD,Midwest,West North Central,53,2,46,0.03773584905660377
2012,2011,TN,South,East South Central,172,2,47,0.011627906976744186
2012,2011,TX,South,West South Central,403,12,48,0.02977667493796526
2012,2011,UT,West,Mountain,130,4,49,0.03076923076923077
2012,2011,VA,South,South Atlantic,141,2,51,0.014184397163120567
2012,2011,VT,Northeast,New England,33,1,50,0.030303030303030304
2012,2011,WA,West,Pacific,415,14,53,0.033734939759036145
2012,2011,WI,Midwest,East North Central,214,16,55,0.07476635514018691
2012,2011,WV,South,South Atlantic,79,4,54,0.05063291139240506
2012,2011,WY,West,Mountain,44,0,56,0.0
2013,2012,AK,West,Pacific,70,9,02,0.12857142857142856
2013,2012,AL,South,East South Central,101,3,01,0.0297029702970297
2013,2012,AR,South,West South Central,74,5,05,0.06756756756756757
2013,2012,AZ,West,Mountain,273,20,04,0.07326007326007326
2013,2012,CA,West,Pacific,1338,93,06,0.06950672645739911
2013,2012,CO,West,Mountain,397,20,08,0.05037783375314862
2013,2012,CT,Northeast,New England,145,12,09,0.08275862068965517
2013,2012,DC,South,South Atlantic,30,0,11,0.0
2013,2012,DE,South,South Atlantic,34,3,10,0.08823529411764706
2013,2012,FL,South,South Atlantic,474,16,12,0.03375527426160337
2013,2012,GA,South,South Atlantic,200,4,13,0.02
2013,2012,HI,West,Pacific,116,54,15,0.46551724137931033
2013,2012,IA,Midwest,West North Central,101,6,19,0.0594059405940594
2013,2012,ID,West,Mountain,88,1,16,0.011363636363636364
2013,2012,IL,Midwest,East North Central,583,25,17,0.04288164665523156
2013,2012,IN,Midwest,East North Central,241,4,18,0.016597510373443983
2013,2012,KS,Midwest,West North Central,205,8,20,0.03902439024390244
2013,2012,KY,South,East South Central,294,5,21,0.017006802721088437
2013,2012,LA,South,West South Central,100,10,22,0.1
2013,2012,MA,Northeast,New England,259,13,25,0.05019305019305019
2013,2012,MD,South,South Atlantic,324,20,24,0.06172839506172839
2013,2012,ME,Northeast,New England,188,8,23,0.0425531914893617
2013,2012,MI,Midwest,East North Central,439,16,26,0.03644646924829157
2013,2012,MN,Midwest,West North Central,310,5,27,0.016129032258064516
2013,2012,MO,Midwest,West North Central,246,12,29,0.04878048780487805
2013,2012,MS,South,East South Central,75,4,28,0.05333333333333334
2013,2012,MT,West,Mountain,52,5,30,0.09615384615384616
2013,2012,NC,South,South Atlantic,353,11,37,0.031161473087818695
2013,2012,ND,Midwest,West North Central,58,3,38,0.05172413793103448
2013,2012,NE,Midwest,West North Central,104,6,31,0.057692307692307696
2013,2012,NH,Northeast,New England,42,1,33,0.023809523809523808
2013,2012,NJ,Northeast,Middle Atlantic,320,22,34,0.06875
2013,2012,NM,West,Mountain,110,12,35,0.10909090909090909
2013,2012,NV,West,Mountain,64,1,32,0.015625
2013,2012,NY,Northeast,Middle Atlantic,809,81,36,0.10012360939431397
2013,2012,OH,Midwest,East North Central,290,7,39,0.02413793103448276
2013,2012,OK,South,West South Central,178,9,40,0.05056179775280899
2013,2012,OR,West,Pacific,206,4,41,0.019417475728155338
2013,2012,PA,Northeast,Middle Atlantic,460,39,42,0.08478260869565217
2013,2012,RI,Northeast,New England,54,1,44,0.018518518518518517
2013,2012,SC,South,South Atlantic,84,2,45,0.023809523809523808
2013,2012,SD,Midwest,West North Central,58,5,46,0.08620689655172414
2013,2012,TN,South,East South Central,178,5,47,0.028089887640449437
2013,2012,TX,South,West South Central,383,12,48,0.031331592689295036
2013,2012,UT,West,Mountain,137,5,49,0.0364963503649635
2013,2012,VA,South,South Atlantic,145,4,51,0.027586206896551724
2013,2012,VT,Northeast,New England,36,3,50,0.08333333333333333
2013,2012,WA,West,Pacific,417,16,53,0.03836930455635491
2013,2012,WI,Midwest,East North Central,212,19,55,0.08962264150943396
2013,2012,WV,South,South Atlantic,78,4,54,0.05128205128205128
2013,2012,WY,West,Mountain,43,0,56,0.0
2014,2013,AK,West,Pacific,72,6,02,0.08333333333333333
2014,2013,AL,South,East South Central,127,3,01,0.023622047244094488
2014,2013,AR,South,West South Central,64,1,05,0.015625
2014,2013,AZ,West,Mountain,245,16,04,0.0653061224489796
2014,2013,CA,West,Pacific,1249,94,06,0.07526020816653323
2014,2013,CO,West,Mountain,410,17,08,0.041463414634146344
2014,2013,CT,Northeast,New England,159,11,09,0.06918238993710692
2014,2013,DC,South,South Atlantic,29,0,11,0.0
2014,2013,DE,South,South Atlantic,34,1,10,0.029411764705882353
2014,2013,FL,South,South Atlantic,456,14,12,0.03070175438596491
2014,2013,GA,South,South Atlantic,278,7,13,0.025179856115107913
2014,2013,HI,West,Pacific,116,55,15,0.47413793103448276
2014,2013,IA,Midwest,West North Central,102,6,19,0.058823529411764705
2014,2013,ID,West,Mountain,92,0,16,0.0
2014,2013,IL,Midwest,East North Central,601,29,17,0.048252911813643926
2014,2013,IN,Midwest,East North Central,232,5,18,0.021551724137931036
2014,2013,KS,Midwest,West North Central,189,8,20,0.042328042328042326
2014,2013,KY,South,East South Central,293,8,21,0.027303754266211604
2014,2013,LA,South,West South Central,93,11,22,0.11827956989247312
2014,2013,MA,Northeast,New England,259,16,25,0.06177606177606178
2014,2013,MD,South,South Atlantic,323,26,24,0.0804953560371517
2014,2013,ME,Northeast,New England,185,9,23,0.04864864864864865
2014,2013,MI,Midwest,East North Central,421,14,26,0.0332541567695962
2014,2013,MN,Midwest,West North Central,309,5,27,0.016181229773462782
2014,2013,MO,Midwest,West North Central,217,13,29,0.059907834101382486
2014,2013,MS,South,East South Central,68,2,28,0.029411764705882353
2014,2013,MT,West,Mountain,58,4,30,0.06896551724137931
2014,2013,NC,South,South Atlantic,358,8,37,0.0223463687150838
2014,2013,ND,Midwest,West North Central,57,1,38,0.017543859649122806
2014,2013,NE,Midwest,West North Central,90,2,31,0.022222222222222223
2014,2013,NH,Northeast,New England,37,0,33,0.0
2014,2013,NJ,Northeast,Middle Atlantic,314,20,34,0.06369426751592357
2014,2013,NM,West,Mountain,96,8,35,0.08333333333333333
2014,2013,NV,West,Mountain,60,1,32,0.016666666666666666
2014,2013,NY,Northeast,Middle Atlantic,791,110,36,0.1390644753476612
2014,2013,OH,Midwest,East North Central,286,5,39,0.017482517482517484
2014,2013,OK,South,West South Central,167,4,40,0.023952095808383235
2014,2013,OR,West,Pacific,208,4,41,0.019230769230769232
2014,2013,PA,Northeast,Middle Atlantic,434,38,42,0.08755760368663594
2014,2013,RI,Northeast,New England,54,2,44,0.037037037037037035
2014,2013,SC,South,South Atlantic,92,1,45,0.010869565217391304
2014,2013,SD,Midwest,West North Central,54,3,46,0.05555555555555555
2014,2013,TN,South,East South Central,166,5,47,0.030120481927710843
2014,2013,TX,South,West South Central,370,12,48,0.032432432432432434
2014,2013,UT,West,Mountain,136,6,49,0.04411764705882353
2014,2013,VA,South,South Atlantic,140,2,51,0.014285714285714285
2014,2013,VT,Northeast,New England,36,3,50,0.08333333333333333
2014,2013,WA,West,Pacific,401,13,53,0.032418952618453865
2014,2013,WI,Midwest,East North Central,200,16,55,0.08
2014,2013,WV,South,South Atlantic,86,4,54,0.046511627906976744
2014,2013,WY,West,Mountain,45,0,56,0.0
2015,2014,AK,West,Pacific,73,6,02,0.0821917808219178
2015,2014,AL,South,East South Central,128,5,01,0.0390625
2015,2014,AR,South,West South Central,59,1,05,0.01694915254237288
2015,2014,AZ,West,Mountain,250,16,04,0.064
2015,2014,CA,West,Pacific,1234,88,06,0.0713128038897893
2015,2014,CO,West,Mountain,418,19,08,0.045454545454545456
2015,2014,CT,Northeast,New England,160,9,09,0.05625
2015,2014,DC,South,South Atlantic,28,0,11,0.0
2015,2014,DE,South,South Atlantic,33,1,10,0.030303030303030304
2015,2014,FL,South,South Atlantic,519,24,12,0.046242774566473986
2015,2014,GA,South,South Atlantic,270,8,13,0.02962962962962963
2015,2014,HI,West,Pacific,165,77,15,0.4666666666666667
2015,2014,IA,Midwest,West North Central,105,6,19,0.05714285714285714
2015,2014,ID,West,Mountain,121,2,16,0.01652892561983471
2015,2014,IL,Midwest,East North Central,651,34,17,0.05222734254992319
2015,2014,IN,Midwest,East North Central,229,9,18,0.039301310043668124
2015,2014,KS,Midwest,West North Central,189,6,20,0.031746031746031744
2015,2014,KY,South,East South Central,316,11,21,0.03481012658227848
2015,2014,LA,South,West South Central,91,8,22,0.08791208791208792
2015,2014,MA,Northeast,New England,294,16,25,0.05442176870748299
2015,2014,MD,South,South Atlantic,338,24,24,0.07100591715976332
2015,2014,ME,Northeast,New England,204,10,23,0.049019607843137254
2015,2014,MI,Midwest,East North Central,423,11,26,0.026004728132387706
2015,2014,MN,Midwest,West North Central,341,5,27,0.01466275659824047
2015,2014,MO,Midwest,West North Central,234,9,29,0.038461538461538464
2015,2014,MS,South,East South Central,63,4,28,0.06349206349206349
2015,2014,MT,West,Mountain,54,5,30,0.09259259259259259
2015,2014,NC,South,South Atlantic,395,12,37,0.030379746835443037
2015,2014,ND,Midwest,West North Central,58,4,38,0.06896551724137931
2015,2014,NE,Midwest,West North Central,85,3,31,0.03529411764705882
2015,2014,NH,Northeast,New England,36,0,33,0.0
2015,2014,NJ,Northeast,Middle Atlantic,311,23,34,0.07395498392282958
2015,2014,NM,West,Mountain,82,7,35,0.08536585365853659
2015,2014,NV,West,Mountain,60,2,32,0.03333333333333333
2015,2014,NY,Northeast,Middle Atlantic,804,117,36,0.1455223880597015
2015,2014,OH,Midwest,East North Central,302,9,39,0.029801324503311258
2015,2014,OK,South,West South Central,169,4,40,0.023668639053254437
2015,2014,OR,West,Pacific,209,4,41,0.019138755980861243
2015,2014,PA,Northeast,Middle Atlantic,482,39,42,0.08091286307053942
2015,2014,RI,Northeast,New England,55,2,44,0.03636363636363636
2015,2014,SC,South,South Atlantic,90,3,45,0.03333333333333333
2015,2014,SD,Midwest,West North Central,64,5,46,0.078125
2015,2014,TN,South,East South Central,167,5,47,0.029940119760479042
2015,2014,TX,South,West South Central,381,10,48,0.026246719160104987
2015,2014,UT,West,Mountain,148,7,49,0.0472972972972973
2015,2014,VA,South,South Atlantic,139,3,51,0.02158273381294964
2015,2014,VT,Northeast,New England,39,2,50,0.05128205128205128
2015,2014,WA,West,Pacific,401,14,53,0.034912718204488775
2015,2014,WI,Midwest,East North Central,201,15,55,0.07462686567164178
2015,2014,WV,South,South Atlantic,92,3,54,0.03260869565217391
2015,2014,WY,West,Mountain,53,1,56,0.018867924528301886
2016,2015,AK,West,Pacific,81,5,02,0.06172839506172839
2016,2015,AL,South,East South Central,124,3,01,0.024193548387096774
2016,2015,AR,South,West South Central,60,1,05,0.016666666666666666
2016,2015,AZ,West,Mountain,283,22,04,0.07773851590106007
2016,2015,CA,West,Pacific,1165,90,06,0.07725321888412018
2016,2015,CO,West,Mountain,350,17,08,0.04857142857142857
2016,2015,CT,Northeast,New England,180,15,09,0.08333333333333333
2016,2015,DC,South,South Atlantic,26,1,11,0.038461538461538464
2016,2015,DE,South,South Atlantic,33,1,10,0.030303030303030304
2016,2015,FL,South,South Atlantic,522,25,12,0.04789272030651341
2016,2015,GA,South,South Atlantic,275,9,13,0.03272727272727273
2016,2015,HI,West,Pacific,148,77,15,0.5202702702702703
2016,2015,IA,Midwest,West North Central,131,6,19,0.04580152671755725
2016,2015,ID,West,Mountain,104,3,16,0.028846153846153848
2016,2015,IL,Midwest,East North Central,598,25,17,0.04180602006688963
2016,2015,IN,Midwest,East North Central,226,5,18,0.022123893805309734
2016,2015,KS,Midwest,West North Central,190,10,20,0.05263157894736842
2016,2015,KY,South,East South Central,281,11,21,0.03914590747330961
2016,2015,LA,South,West South Central,108,8,22,0.07407407407407407
2016,2015,MA,Northeast,New England,279,15,25,0.053763440860215055
2016,2015,MD,South,South Atlantic,333,26,24,0.07807807807807808
2016,2015,ME,Northeast,New England,178,9,23,0.05056179775280899
2016,2015,MI,Midwest,East North Central,415,10,26,0.024096385542168676
2016,2015,MN,Midwest,West North Central,309,6,27,0.019417475728155338
2016,2015,MO,Midwest,West North Central,225,9,29,0.04
2016,2015,MS,South,East South Central,72,4,28,0.05555555555555555
2016,2015,MT,West,Mountain,50,2,30,0.04
2016,2015,NC,South,South Atlantic,366,10,37,0.0273224043715847
2016,2015,ND,Midwest,West North Central,56,1,38,0.017857142857142856
2016,2015,NE,Midwest,West North Central,107,3,31,0.028037383177570093
2016,2015,NH,Northeast,New England,43,2,33,0.046511627906976744
2016,2015,NJ,Northeast,Middle Atlantic,299,23,34,0.07692307692307693
2016,2015,NM,West,Mountain,121,6,35,0.049586776859504134
2016,2015,NV,West,Mountain,62,0,32,0.0
2016,2015,NY,Northeast,Middle Atlantic,780,127,36,0.16282051282051282
2016,2015,OH,Midwest,East North Central,310,10,39,0.03225806451612903
2016,2015,OK,South,West South Central,148,2,40,0.013513513513513514
2016,2015,OR,West,Pacific,203,6,41,0.029556650246305417
2016,2015,PA,Northeast,Middle Atlantic,471,42,42,0.08917197452229299
2016,2015,RI,Northeast,New England,46,5,44,0.10869565217391304
2016,2015,SC,South,South Atlantic,91,3,45,0.03296703296703297
2016,2015,SD,Midwest,West North Central,56,0,46,0.0
2016,2015,TN,South,East South Central,191,7,47,0.03664921465968586
2016,2015,TX,South,West South Central,380,12,48,0.031578947368421054
2016,2015,UT,West,Mountain,149,6,49,0.040268456375838924
2016,2015,VA,South,South Atlantic,200,5,51,0.025
2016,2015,VT,Northeast,New England,39,0,50,0.0
2016,2015,WA,West,Pacific,376,16,53,0.0425531914893617
2016,2015,WI,Midwest,East North Central,228,14,55,0.06140350877192982
2016,2015,WV,South,South Atlantic,90,3,54,0.03333333333333333
2016,2015,WY,West,Mountain,52,1,56,0.019230769230769232
2017,2016,AK,West,Pacific,80,5,02,0.0625
2017,2016,AL,South,East South Central,122,4,01,0.03278688524590164
2017,2016,AR,South,West South Central,89,3,05,0.033707865168539325
2017,2016,AZ,West,Mountain,282,24,04,0.0851063829787234
2017,2016,CA,West,Pacific,1138,84,06,0.07381370826010544
2017,2016,CO,West,Mountain,349,14,08,0.04011461318051576
2017,2016,CT,Northeast,New England,186,16,09,0.08602150537634409
2017,2016,DC,South,South Atlantic,26,0,11,0.0
2017,2016,DE,South,South Atlantic,37,3,10,0.08108108108108109
2017,2016,FL,South,South Atlantic,562,18,12,0.03202846975088968
2017,2016,GA,South,South Atlantic,272,9,13,0.03308823529411765
2017,2016,HI,West,Pacific,149,78,15,0.5234899328859061
2017,2016,IA,Midwest,West North Central,134,7,19,0.05223880597014925
2017,2016,ID,West,Mountain,107,3,16,0.028037383177570093
2017,2016,IL,Midwest,East North Central,612,35,17,0.05718954248366013
2017,2016,IN,Midwest,East North Central,236,7,18,0.029661016949152543
2017,2016,KS,Midwest,West North Central,180,7,20,0.03888888888888889
2017,2016,KY,South,East South Central,298,16,21,0.053691275167785234
2017,2016,LA,South,West South Central,106,9,22,0.08490566037735849
2017,2016,MA,Northeast,New England,308,19,25,0.06168831168831169
2017,2016,MD,South,South Atlantic,363,27,24,0.0743801652892562
2017,2016,ME,Northeast,New England,198,13,23,0.06565656565656566
2017,2016,MI,Midwest,East North Central,431,13,26,0.030162412993039442
2017,2016,MN,Midwest,West North Central,333,6,27,0.018018018018018018
2017,2016,MO,Midwest,West North Central,238,12,29,0.05042016806722689
2017,2016,MS,South,East South Central,71,3,28,0.04225352112676056
2017,2016,MT,West,Mountain,44,3,30,0.06818181818181818
2017,2016,NC,South,South Atlantic,413,17,37,0.04116222760290557
2017,2016,ND,Midwest,West North Central,56,0,38,0.0
2017,2016,NE,Midwest,West North Central,111,4,31,0.036036036036036036
2017,2016,NH,Northeast,New England,52,2,33,0.038461538461538464
2017,2016,NJ,Northeast,Middle Atlantic,299,20,34,0.06688963210702341
2017,2016,NM,West,Mountain,113,7,35,0.061946902654867256
2017,2016,NV,West,Mountain,61,3,32,0.04918032786885246
2017,2016,NY,Northeast,Middle Atlantic,806,138,36,0.17121588089330025
2017,2016,OH,Midwest,East North Central,333,10,39,0.03003003003003003
2017,2016,OK,South,West South Central,136,6,40,0.04411764705882353
2017,2016,OR,West,Pacific,188,3,41,0.015957446808510637
2017,2016,PA,Northeast,Middle Atlantic,478,36,42,0.07531380753138076
2017,2016,RI,Northeast,New England,48,4,44,0.08333333333333333
2017,2016,SC,South,South Atlantic,94,2,45,0.02127659574468085
2017,2016,SD,Midwest,West North Central,49,0,46,0.0
2017,2016,TN,South,East South Central,186,7,47,0.03763440860215054
2017,2016,TX,South,West South Central,393,12,48,0.030534351145038167
2017,2016,UT,West,Mountain,188,8,49,0.0425531914893617
2017,2016,VA,South,South Atlantic,196,6,51,0.030612244897959183
2017,2016,VT,Northeast,New England,41,0,50,0.0
2017,2016,WA,West,Pacific,377,19,53,0.050397877984084884
2017,2016,WI,Midwest,East North Central,218,14,55,0.06422018348623854
2017,2016,WV,South,South Atlantic,94,4,54,0.0425531914893617
2017,2016,WY,West,Mountain,46,1,56,0.021739130434782608
2018,2017,AK,West,Pacific,84,5,02,0.05952380952380952
2018,2017,AL,South,East South Central,118,2,01,0.01694915254237288
2018,2017,AR,South,West South Central,96,2,05,0.020833333333333332
2018,2017,AZ,West,Mountain,302,24,04,0.07947019867549669
2018,2017,CA,West,Pacific,1107,64,06,0.057813911472448055
2018,2017,CO,West,Mountain,347,6,08,0.01729106628242075
2018,2017,CT,Northeast,New England,200,11,09,0.055
2018,2017,DC,South,South Atlantic,24,0,11,0.0
2018,2017,DE,South,South Atlantic,26,1,10,0.038461538461538464
2018,2017,FL,South,South Atlantic,536,15,12,0.027985074626865673
2018,2017,GA,South,South Atlantic,254,4,13,0.015748031496062992
2018,2017,HI,West,Pacific,144,75,15,0.5208333333333334
2018,2017,IA,Midwest,West North Central,142,6,19,0.04225352112676056
2018,2017,ID,West,Mountain,106,1,16,0.009433962264150943
2018,2017,IL,Midwest,East North Central,580,25,17,0.04310344827586207
2018,2017,IN,Midwest,East North Central,277,4,18,0.01444043321299639
2018,2017,KS,Midwest,West North Central,166,5,20,0.030120481927710843
2018,2017,KY,South,East South Central,335,8,21,0.023880597014925373
2018,2017,LA,South,West South Central,107,7,22,0.06542056074766354
2018,2017,MA,Northeast,New England,333,14,25,0.042042042042042045
2018,2017,MD,South,South Atlantic,360,22,24,0.06111111111111111
2018,2017,ME,Northeast,New England,174,8,23,0.04597701149425287
2018,2017,MI,Midwest,East North Central,431,7,26,0.016241299303944315
2018,2017,MN,Midwest,West North Central,337,9,27,0.026706231454005934
2018,2017,MO,Midwest,West North Central,236,7,29,0.029661016949152543
2018,2017,MS,South,East South Central,69,1,28,0.014492753623188406
2018,2017,MT,West,Mountain,60,2,30,0.03333333333333333
2018,2017,NC,South,South Atlantic,428,14,37,0.03271028037383177
2018,2017,ND,Midwest,West North Central,62,0,38,0.0
2018,2017,NE,Midwest,West North Central,116,6,31,0.05172413793103448
2018,2017,NH,Northeast,New England,67,3,33,0.04477611940298507
2018,2017,NJ,Northeast,Middle Atlantic,321,17,34,0.0529595015576324
2018,2017,NM,West,Mountain,119,4,35,0.03361344537815126
2018,2017,NV,West,Mountain,61,0,32,0.0
2018,2017,NY,Northeast,Middle Atlantic,769,124,36,0.16124837451235371
2018,2017,OH,Midwest,East North Central,359,11,39,0.03064066852367688
2018,2017,OK,South,West South Central,164,2,40,0.012195121951219513
2018,2017,OR,West,Pacific,202,5,41,0.024752475247524754
2018,2017,PA,Northeast,Middle Atlantic,488,28,42,0.05737704918032787
2018,2017,RI,Northeast,New England,46,2,44,0.043478260869565216
2018,2017,SC,South,South Atlantic,91,4,45,0.04395604395604396
2018,2017,SD,Midwest,West North Central,52,0,46,0.0
2018,2017,TN,South,East South Central,199,7,47,0.035175879396984924
2018,2017,TX,South,West South Central,385,9,48,0.023376623376623377
2018,2017,UT,West,Mountain,216,5,49,0.023148148148148147
2018,2017,VA,South,South Atlantic,187,10,51,0.053475935828877004
2018,2017,VT,Northeast,New England,40,0,50,0.0
2018,2017,WA,West,Pacific,362,10,53,0.027624309392265192
2018,2017,WI,Midwest,East North Central,247,14,55,0.05668016194331984
2018,2017,WV,South,South Atlantic,90,2,54,0.022222222222222223
2018,2017,WY,West,Mountain,47,1,56,0.02127659574468085
2019,2018,AK,West,Pacific,89,7,02,0.07865168539325842
2019,2018,AL,South,East South Central,124,2,01,0.016129032258064516
2019,2018,AR,South,West South Central,136,3,05,0.022058823529411766
2019,2018,AZ,West,Mountain,383,27,04,0.07049608355091384
2019,2018,CA,West,Pacific,1172,74,06,0.06313993174061433
2019,2018,CO,West,Mountain,381,10,08,0.026246719160104987
2019,2018,CT,Northeast,New England,212,10,09,0.04716981132075472
2019,2018,DC,South,South Atlantic,23,0,11,0.0
2019,2018,DE,South,South Atlantic,34,2,10,0.058823529411764705
2019,2018,FL,South,South Atlantic,586,15,12,0.025597269624573378
2019,2018,GA,South,South Atlantic,288,4,13,0.013888888888888888
2019,2018,HI,West,Pacific,151,79,15,0.5231788079470199
2019,2018,IA,Midwest,West North Central,164,6,19,0.036585365853658534
2019,2018,ID,West,Mountain,125,1,16,0.008
2019,2018,IL,Midwest,East North Central,644,28,17,0.043478260869565216
2019,2018,IN,Midwest,East North Central,323,4,18,0.01238390092879257
2019,2018,KS,Midwest,West North Central,167,4,20,0.023952095808383235
2019,2018,KY,South,East South Central,392,4,21,0.01020408163265306
2019,2018,LA,South,West South Central,120,7,22,0.058333333333333334
2019,2018,MA,Northeast,New England,388,19,25,0.04896907216494845
2019,2018,MD,South,South Atlantic,380,17,24,0.04473684210526316
2019,2018,ME,Northeast,New England,161,9,23,0.055900621118012424
2019,2018,MI,Midwest,East North Central,437,7,26,0.016018306636155607
2019,2018,MN,Midwest,West North Central,362,9,27,0.024861878453038673
2019,2018,MO,Midwest,West North Central,256,6,29,0.0234375
2019,2018,MS,South,East South Central,72,2,28,0.027777777777777776
2019,2018,MT,West,Mountain,66,0,30,0.0
2019,2018,NC,South,South Atlantic,476,13,37,0.0273109243697479
2019,2018,ND,Midwest,West North Central,73,0,38,0.0
2019,2018,NE,Midwest,West North Central,119,3,31,0.025210084033613446
2019,2018,NH,Northeast,New England,72,3,33,0.041666666666666664
2019,2018,NJ,Northeast,Middle Atlantic,342,17,34,0.049707602339181284
2019,2018,NM,West,Mountain,130,4,35,0.03076923076923077
2019,2018,NV,West,Mountain,69,0,32,0.0
2019,2018,NY,Northeast,Middle Atlantic,825,152,36,0.18424242424242424
2019,2018,OH,Midwest,East North Central,415,12,39,0.02891566265060241
2019,2018,OK,South,West South Central,173,3,40,0.017341040462427744
2019,2018,OR,West,Pacific,210,4,41,0.01904761904761905
2019,2018,PA,Northeast,Middle Atlantic,547,33,42,0.0603290676416819
2019,2018,RI,Northeast,New England,54,2,44,0.037037037037037035
2019,2018,SC,South,South Atlantic,103,4,45,0.038834951456310676
2019,2018,SD,Midwest,West North Central,52,0,46,0.0
2019,2018,TN,South,East South Central,232,7,47,0.03017241379310345
2019,2018,TX,South,West South Central,456,11,48,0.02412280701754386
2019,2018,UT,West,Mountain,258,7,49,0.027131782945736434
2019,2018,VA,South,South Atlantic,209,7,51,0.03349282296650718
2019,2018,VT,Northeast,New England,42,0,50,0.0
2019,2018,WA,West,Pacific,427,12,53,0.02810304449648712
2019,2018,WI,Midwest,East North Central,250,11,55,0.044
2019,2018,WV,South,South Atlantic,93,2,54,0.021505376344086023
2019,2018,WY,West,Mountain,50,0,56,0.0
2020,2019,AK,West,Pacific,90,9,02,0.1
2020,2019,AL,South,East South Central,129,2,01,0.015503875968992248
2020,2019,AR,South,West South Central,149,2,05,0.013422818791946308
2020,2019,AZ,West,Mountain,408,27,04,0.0661764705882353
2020,2019,CA,West,Pacific,1440,91,06,0.06319444444444444
2020,2019,CO,West,Mountain,378,10,08,0.026455026455026454
2020,2019,CT,Northeast,New England,208,12,09,0.057692307692307696
2020,2019,DC,South,South Atlantic,25,0,11,0.0
2020,2019,DE,South,South Atlantic,42,2,10,0.047619047619047616
2020,2019,FL,South,South Atlantic,574,17,12,0.029616724738675958
2020,2019,GA,South,South Atlantic,298,3,13,0.010067114093959731
2020,2019,HI,West,Pacific,149,76,15,0.5100671140939598
2020,2019,IA,Midwest,West North Central,170,5,19,0.029411764705882353
2020,2019,ID,West,Mountain,111,2,16,0.018018018018018018
2020,2019,IL,Midwest,East North Central,724,27,17,0.03729281767955801
2020,2019,IN,Midwest,East North Central,355,5,18,0.014084507042253521
2020,2019,KS,Midwest,West North Central,172,3,20,0.01744186046511628
2020,2019,KY,South,East South Central,413,5,21,0.012106537530266344
2020,2019,LA,South,West South Central,123,5,22,0.04065040650406504
2020,2019,MA,Northeast,New England,402,25,25,0.06218905472636816
2020,2019,MD,South,South Atlantic,400,22,24,0.055
2020,2019,ME,Northeast,New England,169,10,23,0.05917159763313609
2020,2019,MI,Midwest,East North Central,439,8,26,0.018223234624145785
2020,2019,MN,Midwest,West North Central,395,9,27,0.02278481012658228
2020,2019,MO,Midwest,West North Central,264,5,29,0.01893939393939394
2020,2019,MS,South,East South Central,80,1,28,0.0125
2020,2019,MT,West,Mountain,72,2,30,0.027777777777777776
2020,2019,NC,South,South Atlantic,481,11,37,0.02286902286902287
2020,2019,ND,Midwest,West North Central,74,0,38,0.0
2020,2019,NE,Midwest,West North Central,120,3,31,0.025
2020,2019,NH,Northeast,New England,76,3,33,0.039473684210526314
2020,2019,NJ,Northeast,Middle Atlantic,344,19,34,0.055232558139534885
2020,2019,NM,West,Mountain,140,5,35,0.03571428571428571
2020,2019,NV,West,Mountain,81,0,32,0.0
2020,2019,NY,Northeast,Middle Atlantic,842,170,36,0.20190023752969122
2020,2019,OH,Midwest,East North Central,447,11,39,0.024608501118568233
2020,2019,OK,South,West South Central,184,1,40,0.005434782608695652
2020,2019,OR,West,Pacific,215,3,41,0.013953488372093023
2020,2019,PA,Northeast,Middle Atlantic,565,28,42,0.049557522123893805
2020,2019,RI,Northeast,New England,58,4,44,0.06896551724137931
2020,2019,SC,South,South Atlantic,108,3,45,0.027777777777777776
2020,2019,SD,Midwest,West North Central,54,0,46,0.0
2020,2019,TN,South,East South Central,286,7,47,0.024475524475524476
2020,2019,TX,South,West South Central,457,10,48,0.02188183807439825
2020,2019,UT,West,Mountain,291,8,49,0.027491408934707903
2020,2019,VA,South,South Atlantic,210,7,51,0.03333333333333333
2020,2019,VT,Northeast,New England,46,0,50,0.0
2020,2019,WA,West,Pacific,418,11,53,0.02631578947368421
2020,2019,WI,Midwest,East North Central,251,10,55,0.0398406374501992
2020,2019,WV,South,South Atlantic,87,4,54,0.04597701149425287
2020,2019,WY,West,Mountain,55,0,56,0.0
2021,2020,AK,West,Pacific,95,9,02,0.09473684210526316
2021,2020,AL,South,East South Central,134,3,01,0.022388059701492536
2021,2020,AR,South,West South Central,158,1,05,0.006329113924050633
2021,2020,AZ,West,Mountain,376,29,04,0.07712765957446809
2021,2020,CA,West,Pacific,1392,89,06,0.0639367816091954
2021,2020,CO,West,Mountain,361,7,08,0.019390581717451522
2021,2020,CT,Northeast,New England,196,11,09,0.05612244897959184
2021,2020,DC,South,South Atlantic,28,0,11,0.0
2021,2020,DE,South,South Atlantic,43,3,10,0.06976744186046512
2021,2020,FL,South,South Atlantic,594,17,12,0.02861952861952862
2021,2020,GA,South,South Atlantic,286,6,13,0.02097902097902098
2021,2020,HI,West,Pacific,154,77,15,0.5
2021,2020,IA,Midwest,West North Central,178,2,19,0.011235955056179775
2021,2020,ID,West,Mountain,105,2,16,0.01904761904761905
2021,2020,IL,Midwest,East North Central,693,28,17,0.04040404040404041
2021,2020,IN,Midwest,East North Central,368,7,18,0.019021739130434784
2021,2020,KS,Midwest,West North Central,161,3,20,0.018633540372670808
2021,2020,KY,South,East South Central,459,8,21,0.017429193899782137
2021,2020,LA,South,West South Central,142,6,22,0.04225352112676056
2021,2020,MA,Northeast,New England,422,23,25,0.054502369668246446
2021,2020,MD,South,South Atlantic,380,22,24,0.05789473684210526
2021,2020,ME,Northeast,New England,180,8,23,0.044444444444444446
2021,2020,MI,Midwest,East North Central,422,9,26,0.02132701421800948
2021,2020,MN,Midwest,West North Central,394,10,27,0.025380710659898477
2021,2020,MO,Midwest,West North Central,263,4,29,0.015209125475285171
2021,2020,MS,South,East South Central,87,1,28,0.011494252873563218
2021,2020,MT,West,Mountain,117,3,30,0.02564102564102564
2021,2020,NC,South,South Atlantic,541,10,37,0.018484288354898338
2021,2020,ND,Midwest,West North Central,73,0,38,0.0
2021,2020,NE,Midwest,West North Central,119,2,31,0.01680672268907563
2021,2020,NH,Northeast,New England,81,3,33,0.037037037037037035
2021,2020,NJ,Northeast,Middle Atlantic,348,15,34,0.04310344827586207
2021,2020,NM,West,Mountain,134,7,35,0.05223880597014925
2021,2020,NV,West,Mountain,89,1,32,0.011235955056179775
2021,2020,NY,Northeast,Middle Atlantic,806,169,36,0.20967741935483872
2021,2020,OH,Midwest,East North Central,489,13,39,0.026584867075664622
2021,2020,OK,South,West South Central,176,3,40,0.017045454545454544
2021,2020,OR,West,Pacific,214,4,41,0.018691588785046728
2021,2020,PA,Northeast,Middle Atlantic,564,31,42,0.0549645390070922
2021,2020,RI,Northeast,New England,57,5,44,0.08771929824561403
2021,2020,SC,South,South Atlantic,116,2,45,0.017241379310344827
2021,2020,SD,Midwest,West North Central,53,0,46,0.0
2021,2020,TN,South,East South Central,292,8,47,0.0273972602739726
2021,2020,TX,South,West South Central,469,17,48,0.03624733475479744
2021,2020,UT,West,Mountain,306,8,49,0.026143790849673203
2021,2020,VA,South,South Atlantic,206,7,51,0.03398058252427184
2021,2020,VT,Northeast,New England,43,0,50,0.0
2021,2020,WA,West,Pacific,418,8,53,0.019138755980861243
2021,2020,WI,Midwest,East North Central,257,14,55,0.054474708171206226
2021,2020,WV,South,South Atlantic,93,3,54,0.03225806451612903
2021,2020,WY,West,Mountain,57,0,56,0.0
2022,2021,AK,West,Pacific,81,0,02,0.0
2022,2021,AL,South,East South Central,111,0,01,0.0
2022,2021,AR,South,West South Central,120,0,05,0.0
2022,2021,AZ,West,Mountain,314,0,04,0.0
2022,2021,CA,West,Pacific,1194,0,06,0.0
2022,2021,CO,West,Mountain,300,0,08,0.0
2022,2021,CT,Northeast,New England,161,0,09,0.0
2022,2021,DC,South,South Atlantic,25,0,11,0.0
2022,2021,DE,South,South Atlantic,40,0,10,0.0
2022,2021,FL,South,South Atlantic,502,0,12,0.0
2022,2021,GA,South,South Atlantic,238,0,13,0.0
2022,2021,HI,West,Pacific,123,0,15,0.0
2022,2021,IA,Midwest,West North Central,155,0,19,0.0
2022,2021,ID,West,Mountain,94,0,16,0.0
2022,2021,IL,Midwest,East North Central,595,0,17,0.0
2022,2021,IN,Midwest,East North Central,340,0,18,0.0
2022,2021,KS,Midwest,West North Central,132,0,20,0.0
2022,2021,KY,South,East South Central,354,0,21,0.0
2022,2021,LA,South,West South Central,121,0,22,0.0
2022,2021,MA,Northeast,New England,371,0,25,0.0
2022,2021,MD,South,South Atlantic,326,0,24,0.0
2022,2021,ME,Northeast,New England,134,0,23,0.0
2022,2021,MI,Midwest,East North Central,352,0,26,0.0
2022,2021,MN,Midwest,West North Central,337,0,27,0.0
2022,2021,MO,Midwest,West North Central,239,0,29,0.0
2022,2021,MS,South,East South Central,76,0,28,0.0
2022,2021,MT,West,Mountain,110,0,30,0.0
2022,2021,NC,South,South Atlantic,454,0,37,0.0
2022,2021,ND,Midwest,West North Central,67,0,38,0.0
2022,2021,NE,Midwest,West North Central,106,0,31,0.0
2022,2021,NH,Northeast,New England,67,0,33,0.0
2022,2021,NJ,Northeast,Middle Atlantic,318,0,34,0.0
2022,2021,NM,West,Mountain,98,0,35,0.0
2022,2021,NV,West,Mountain,73,0,32,0.0
2022,2021,NY,Northeast,Middle Atlantic,710,0,36,0.0
2022,2021,OH,Midwest,East North Central,439,0,39,0.0
2022,2021,OK,South,West South Central,144,0,40,0.0
2022,2021,OR,West,Pacific,174,0,41,0.0
2022,2021,PA,Northeast,Middle Atlantic,482,0,42,0.0
2022,2021,RI,Northeast,New England,50,0,44,0.0
2022,2021,SC,South,South Atlantic,98,0,45,0.0
2022,2021,SD,Midwest,West North Central,47,0,46,0.0
2022,2021,TN,South,East South Central,261,0,47,0.0
2022,2021,TX,South,West South Central,402,0,48,0.0
2022,2021,UT,West,Mountain,269,0,49,0.0
2022,2021,VA,South,South Atlantic,169,0,51,0.0
2022,2021,VT,Northeast,New England,40,0,50,0.0
2022,2021,WA,West,Pacific,362,0,53,0.0
2022,2021,WI,Midwest,East North Central,214,0,55,0.0
2022,2021,WV,South,South Atlantic,74,0,54,0.0
2022,2021,WY,West,Mountain,51,0,56,0.0
2023,2022,AK,West,Pacific,71,0,02,0.0
2023,2022,AL,South,East South Central,128,0,01,0.0
2023,2022,AR,South,West South Central,111,0,05,0.0
2023,2022,AZ,West,Mountain,378,0,04,0.0
2023,2022,CA,West,Pacific,1274,0,06,0.0
2023,2022,CO,West,Mountain,290,0,08,0.0
2023,2022,CT,Northeast,New England,169,0,09,0.0
2023,2022,DC,South,South Atlantic,26,0,11,0.0
2023,2022,DE,South,South Atlantic,47,0,10,0.0
2023,2022,FL,South,South Atlantic,545,0,12,0.0
2023,2022,GA,South,South Atlantic,263,0,13,0.0
2023,2022,HI,West,Pacific,80,0,15,0.0
2023,2022,IA,Midwest,West North Central,166,0,19,0.0
2023,2022,ID,West,Mountain,84,0,16,0.0
2023,2022,IL,Midwest,East North Central,559,0,17,0.0
2023,2022,IN,Midwest,East North Central,377,0,18,0.0
2023,2022,KS,Midwest,West North Central,142,0,20,0.0
2023,2022,KY,South,East South Central,419,0,21,0.0
2023,2022,LA,South,West South Central,157,0,22,0.0
2023,2022,MA,Northeast,New England,398,0,25,0.0
2023,2022,MD,South,South Atlantic,354,0,24,0.0
2023,2022,ME,Northeast,New England,136,0,23,0.0
2023,2022,MI,Midwest,East North Central,397,0,26,0.0
2023,2022,MN,Midwest,West North Central,347,0,27,0.0
2023,2022,MO,Midwest,West North Central,254,0,29,0.0
2023,2022,MS,South,East South Central,84,0,28,0.0
2023,2022,MT,West,Mountain,99,0,30,0.0
2023,2022,NC,South,South Atlantic,501,0,37,0.0
2023,2022,ND,Midwest,West North Central,59,0,38,0.0
2023,2022,NE,Midwest,West North Central,107,0,31,0.0
2023,2022,NH,Northeast,New England,100,0,33,0.0
2023,2022,NJ,Northeast,Middle Atlantic,359,0,34,0.0
2023,2022,NM,West,Mountain,97,0,35,0.0
2023,2022,NV,West,Mountain,70,0,32,0.0
2023,2022,NY,Northeast,Middle Atlantic,656,0,36,0.0
2023,2022,OH,Midwest,East North Central,465,0,39,0.0
2023,2022,OK,South,West South Central,159,0,40,0.0
2023,2022,OR,West,Pacific,174,0,41,0.0
2023,2022,PA,Northeast,Middle Atlantic,470,0,42,0.0
2023,2022,RI,Northeast,New England,54,0,44,0.0
2023,2022,SC,South,South Atlantic,97,0,45,0.0
2023,2022,SD,Midwest,West North Central,46,0,46,0.0
2023,2022,TN,South,East South Central,277,0,47,0.0
2023,2022,TX,South,West South Central,446,0,48,0.0
2023,2022,UT,West,Mountain,264,0,49,0.0
2023,2022,VA,South,South Atlantic,197,0,51,0.0
2023,2022,VT,Northeast,New England,32,0,50,0.0
2023,2022,WA,West,Pacific,348,0,53,0.0
2023,2022,WI,Midwest,East North Central,212,0,55,0.0
2023,2022,WV,South,South Atlantic,84,0,54,0.0
2023,2022,WY,West,Mountain,48,0,56,0.0
2024,2023,AK,West,Pacific,79,0,02,0.0
2024,2023,AL,South,East South Central,125,0,01,0.0
2024,2023,AR,South,West South Central,100,0,05,0.0
2024,2023,AZ,West,Mountain,353,0,04,0.0
2024,2023,CA,West,Pacific,1141,0,06,0.0
2024,2023,CO,West,Mountain,253,0,08,0.0
2024,2023,CT,Northeast,New England,158,0,09,0.0
2024,2023,DC,South,South Atlantic,26,0,11,0.0
2024,2023,DE,South,South Atlantic,38,0,10,0.0
2024,2023,FL,South,South Atlantic,477,0,12,0.0
2024,2023,GA,South,South Atlantic,240,0,13,0.0
2024,2023,HI,West,Pacific,90,0,15,0.0
2024,2023,IA,Midwest,West North Central,187,0,19,0.0
2024,2023,ID,West,Mountain,82,0,16,0.0
2024,2023,IL,Midwest,East North Central,560,0,17,0.0
2024,2023,IN,Midwest,East North Central,406,0,18,0.0
2024,2023,KS,Midwest,West North Central,135,0,20,0.0
2024,2023,KY,South,East South Central,437,0,21,0.0
2024,2023,LA,South,West South Central,157,0,22,0.0
2024,2023,MA,Northeast,New England,343,0,25,0.0
2024,2023,MD,South,South Atlantic,427,0,24,0.0
2024,2023,ME,Northeast,New England,117,0,23,0.0
2024,2023,MI,Midwest,East North Central,366,0,26,0.0
2024,2023,MN,Midwest,West North Central,332,0,27,0.0
2024,2023,MO,Midwest,West North Central,227,0,29,0.0
2024,2023,MS,South,East South Central,82,0,28,0.0
2024,2023,MT,West,Mountain,68,0,30,0.0
2024,2023,NC,South,South Atlantic,451,0,37,0.0
2024,2023,ND,Midwest,West North Central,61,0,38,0.0
2024,2023,NE,Midwest,West North Central,99,0,31,0.0
2024,2023,NH,Northeast,New England,88,0,33,0.0
2024,2023,NJ,Northeast,Middle Atlantic,331,0,34,0.0
2024,2023,NM,West,Mountain,141,0,35,0.0
2024,2023,NV,West,Mountain,83,0,32,0.0
2024,2023,NY,Northeast,Middle Atlantic,629,0,36,0.0
2024,2023,OH,Midwest,East North Central,474,0,39,0.0
2024,2023,OK,South,West South Central,139,0,40,0.0
2024,2023,OR,West,Pacific,187,0,41,0.0
2024,2023,PA,Northeast,Middle Atlantic,479,0,42,0.0
2024,2023,RI,Northeast,New England,53,0,44,0.0
2024,2023,SC,South,South Atlantic,92,0,45,0.0
2024,2023,SD,Midwest,West North Central,37,0,46,0.0
2024,2023,TN,South,East South Central,270,0,47,0.0
2024,2023,TX,South,West South Central,412,0,48,0.0
2024,2023,UT,West,Mountain,258,0,49,0.0
2024,2023,VA,South,South Atlantic,181,0,51,0.0
2024,2023,VT,Northeast,New England,49,0,50,0.0
2024,2023,WA,West,Pacific,303,0,53,0.0
2024,2023,WI,Midwest,East North Central,203,0,55,0.0
2024,2023,WV,South,South Atlantic,74,0,54,0.0
2024,2023,WY,West,Mountain,46,0,56,0.0
2025,2024,AK,West,Pacific,78,7,02,0.08974358974358974
2025,2024,AL,South,East South Central,113,0,01,0.0
2025,2024,AR,South,West South Central,138,1,05,0.007246376811594203
2025,2024,AZ,West,Mountain,477,20,04,0.041928721174004195
2025,2024,CA,West,Pacific,1198,119,06,0.0993322203672788
2025,2024,CO,West,Mountain,264,8,08,0.030303030303030304
2025,2024,CT,Northeast,New England,169,4,09,0.023668639053254437
2025,2024,DC,South,South Atlantic,29,1,11,0.034482758620689655
2025,2024,DE,South,South Atlantic,44,2,10,0.045454545454545456
2025,2024,FL,South,South Atlantic,539,24,12,0.04452690166975881
2025,2024,GA,South,South Atlantic,278,7,13,0.025179856115107913
2025,2024,HI,West,Pacific,92,4,15,0.043478260869565216
2025,2024,IA,Midwest,West North Central,213,3,19,0.014084507042253521
2025,2024,ID,West,Mountain,116,3,16,0.02586206896551724
2025,2024,IL,Midwest,East North Central,576,15,17,0.026041666666666668
2025,2024,IN,Midwest,East North Central,436,11,18,0.02522935779816514
2025,2024,KS,Midwest,West North Central,156,9,20,0.057692307692307696
2025,2024,KY,South,East South Central,453,18,21,0.039735099337748346
2025,2024,LA,South,West South Central,185,2,22,0.010810810810810811
2025,2024,MA,Northeast,New England,372,18,25,0.04838709677419355
2025,2024,MD,South,South Atlantic,503,38,24,0.07554671968190854
2025,2024,ME,Northeast,New England,151,4,23,0.026490066225165563
2025,2024,MI,Midwest,East North Central,407,26,26,0.06388206388206388
2025,2024,MN,Midwest,West North Central,363,10,27,0.027548209366391185
2025,2024,MO,Midwest,West North Central,262,8,29,0.030534351145038167
2025,2024,MS,South,East South Central,98,5,28,0.05102040816326531
2025,2024,MT,West,Mountain,72,4,30,0.05555555555555555
2025,2024,NC,South,South Atlantic,481,11,37,0.02286902286902287
2025,2024,ND,Midwest,West North Central,68,1,38,0.014705882352941176
2025,2024,NE,Midwest,West North Central,129,3,31,0.023255813953488372
2025,2024,NH,Northeast,New England,83,3,33,0.03614457831325301
2025,2024,NJ,Northeast,Middle Atlantic,357,9,34,0.025210084033613446
2025,2024,NM,West,Mountain,133,4,35,0.03007518796992481
2025,2024,NV,West,Mountain,97,12,32,0.12371134020618557
2025,2024,NY,Northeast,Middle Atlantic,644,14,36,0.021739130434782608
2025,2024,OH,Midwest,East North Central,516,12,39,0.023255813953488372
2025,2024,OK,South,West South Central,141,1,40,0.0070921985815602835
2025,2024,OR,West,Pacific,198,4,41,0.020202020202020204
2025,2024,PA,Northeast,Middle Atlantic,524,9,42,0.01717557251908397
2025,2024,RI,Northeast,New England,50,4,44,0.08
2025,2024,SC,South,South Atlantic,97,3,45,0.030927835051546393
2025,2024,SD,Midwest,West North Central,42,1,46,0.023809523809523808
2025,2024,TN,South,East South Central,334,16,47,0.04790419161676647
2025,2024,TX,South,West South Central,453,7,48,0.01545253863134658
2025,2024,UT,West,Mountain,278,26,49,0.09352517985611511
2025,2024,VA,South,South Atlantic,283,16,51,0.05653710247349823
2025,2024,VT,Northeast,New England,52,1,50,0.019230769230769232
2025,2024,WA,West,Pacific,269,7,53,0.026022304832713755
2025,2024,WI,Midwest,East North Central,205,8,55,0.03902439024390244
2025,2024,WV,South,South Atlantic,136,12,54,0.08823529411764706
2025,2024,WY,West,Mountain,52,1,56,0.019230769230769232
