"Title: Hospitals by Ownership Type | KFF"
"Timeframe: 1999 - 2023"
"Location","1999__State/Local Government","1999__Non-Profit","1999__For-Profit","2000__State/Local Government","2000__Non-Profit","2000__For-Profit","2001__State/Local Government","2001__Non-Profit","2001__For-Profit","2002__State/Local Government","2002__Non-Profit","2002__For-Profit","2003__State/Local Government","2003__Non-Profit","2003__For-Profit","2004__State/Local Government","2004__Non-Profit","2004__For-Profit","2005__State/Local Government","2005__Non-Profit","2005__For-Profit","2006__State/Local Government","2006__Non-Profit","2006__For-Profit","2007__State/Local Government","2007__Non-Profit","2007__For-Profit","2008__State/Local Government","2008__Non-Profit","2008__For-Profit","2009__State/Local Government","2009__Non-Profit","2009__For-Profit","2010__State/Local Government","2010__Non-Profit","2010__For-Profit","2011__State/Local Government","2011__Non-Profit","2011__For-Profit","2012__State/Local Government","2012__Non-Profit","2012__For-Profit","2013__State/Local Government","2013__Non-Profit","2013__For-Profit","2014__State/Local Government","2014__Non-Profit","2014__For-Profit","2015__State/Local Government","2015__Non-Profit","2015__For-Profit","2016__State/Local Government","2016__Non-Profit","2016__For-Profit","2017__State/Local Government","2017__Non-Profit","2017__For-Profit","2018__State/Local Government","2018__Non-Profit","2018__For-Profit","2019__State/Local Government","2019__Non-Profit","2019__For-Profit","2020__State/Local Government","2020__Non-Profit","2020__For-Profit","2021__State/Local Government","2021__Non-Profit","2021__For-Profit","2022__State/Local Government","2022__Non-Profit","2022__For-Profit","2023__State/Local Government","2023__Non-Profit","2023__For-Profit"
"United States","0.242","0.607748184","0.150726392","0.237","0.610986775","0.152390641","0.236","0.610839446","0.153626732","0.231","0.613963873","0.15546986","0.229","0.609601634","0.161389173","0.227","0.603171376","0.169749949","0.2248784441","0.599270665","0.175850891","0.227","0.592","0.18","0.227","0.594853992","0.178272412","0.221","0.583433134","0.196007984","0.2180511182","0.5826677316","0.1992811502","0.214","0.583","0.203","0.210134728","0.583752262","0.20611301","0.207","0.579","0.214","0.203","0.584","0.213","0.204","0.583","0.214","0.202","0.585","0.213","0.198","0.589","0.214","0.185","0.564","0.251","0.186","0.565","0.249","0.187","0.573","0.24","0.185","0.576","0.239","0.183","0.577","0.239","0.18","0.582","0.238","0.1799687011","0.5825508607","0.2374804382"
"Alabama","0.394495413","0.366972477","0.23853211","0.37037037","0.361111111","0.268518519","0.373831776","0.345794393","0.280373832","0.339622642","0.330188679","0.330188679","0.345794393","0.327102804","0.327102804","0.342592593","0.324074074","0.333333333","0.3577981651","0.28440367","0.357798165","0.3761","0.2385","0.3853","0.385321101","0.247706422","0.366972477","0.385321101","0.247706422","0.366972477","0.3888888889","0.2407407407","0.3703703704","0.380952381","0.228571429","0.39047619","0.382352941","0.235294118","0.382352941","0.392","0.247","0.361","0.402","0.247","0.351","0.417","0.24","0.344","0.4","0.211","0.389","0.411","0.2","0.389","0.353","0.275","0.373","0.366","0.297","0.337","0.356","0.317","0.327","0.347","0.327","0.327","0.343","0.324","0.333","0.343","0.324","0.333","0.37","0.33","0.3"
"Alaska","0.411764706","0.529411765","0.058823529","0.388888889","0.555555556","0.055555556","0.421052632","0.526315789","0.052631579","0.368421053","0.578947368","0.052631579","0.368421053","0.526315789","0.105263158","0.368421053","0.526315789","0.105263158","0.3181818182","0.590909091","0.090909091","0.3182","0.5909","0.0909","0.318181818","0.590909091","0.090909091","0.318181818","0.590909091","0.090909091","0.2727272727","0.6363636364","0.09090909091","0.318181818","0.590909091","0.090909091","0.304347826","0.608695652","0.086956522","0.304","0.609","0.087","0.318","0.591","0.091","0.318","0.591","0.091","0.333","0.524","0.143","0.333","0.524","0.143","0.286","0.571","0.143","0.333","0.524","0.143","0.3","0.55","0.15","0.25","0.6","0.15","0.25","0.65","0.1","0.2","0.7","0.1","0.2105263158","0.6842105263","0.1052631579"
"Arizona","0.098360656","0.655737705","0.245901639","0.081967213","0.606557377","0.31147541","0.06557377","0.606557377","0.327868852","0.081967213","0.606557377","0.31147541","0.081967213","0.62295082","0.295081967","0.080645161","0.612903226","0.306451613","0.07462686567","0.597014925","0.328358209","0.0758","0.6212","0.303","0.060606061","0.651515152","0.287878788","0.056338028","0.61971831","0.323943662","0.09722222222","0.5972222222","0.3055555556","0.068493151","0.630136986","0.301369863","0.057142857","0.671428571","0.271428571","0.056","0.639","0.306","0.056","0.653","0.292","0.056","0.639","0.306","0.056","0.62","0.324","0.057","0.586","0.357","0.06","0.518","0.422","0.048","0.518","0.434","0.05","0.538","0.413","0.049","0.531","0.42","0.048","0.524","0.429","0.057","0.506","0.437","0.04597701149","0.5172413793","0.4367816092"
"Arkansas","0.192771084","0.578313253","0.228915663","0.180722892","0.590361446","0.228915663","0.180722892","0.590361446","0.228915663","0.172413793","0.586206897","0.24137931","0.170454545","0.590909091","0.238636364","0.172413793","0.574712644","0.252873563","0.1764705882","0.552941176","0.270588235","0.1786","0.5357","0.2857","0.166666667","0.535714286","0.297619048","0.151162791","0.534883721","0.313953488","0.1744186047","0.523255814","0.3023255814","0.164705882","0.529411765","0.305882353","0.130952381","0.595238095","0.273809524","0.133","0.59","0.277","0.119","0.595","0.286","0.123","0.605","0.272","0.125","0.625","0.25","0.125","0.625","0.25","0.136","0.523","0.341","0.102","0.58","0.318","0.09","0.618","0.292","0.133","0.589","0.278","0.098","0.609","0.293","0.097","0.624","0.28","0.1052631579","0.6315789474","0.2631578947"
"California","0.184810127","0.562025316","0.253164557","0.18251928","0.575835476","0.241645244","0.1953125","0.572916667","0.231770833","0.193211488","0.566579634","0.240208877","0.191891892","0.559459459","0.248648649","0.199445983","0.55401662","0.246537396","0.1932773109","0.571428571","0.235294118","0.2129","0.5658","0.2213","0.2","0.571830986","0.228169014","0.201704545","0.573863636","0.224431818","0.2011661808","0.5889212828","0.2099125364","0.201166181","0.588921283","0.209912536","0.2","0.585507246","0.214492754","0.189","0.59","0.221","0.182","0.597","0.222","0.186","0.596","0.218","0.184","0.594","0.222","0.182","0.589","0.229","0.18","0.575","0.246","0.178","0.574","0.248","0.184","0.568","0.248","0.19","0.581","0.229","0.182","0.578","0.24","0.175","0.586","0.239","0.1699716714","0.5807365439","0.2492917847"
"Colorado","0.402985075","0.47761194","0.119402985","0.405797101","0.463768116","0.130434783","0.393939394","0.484848485","0.121212121","0.397058824","0.470588235","0.132352941","0.397058824","0.470588235","0.132352941","0.385714286","0.457142857","0.157142857","0.3802816901","0.464788732","0.154929577","0.3699","0.4795","0.1507","0.373333333","0.493333333","0.133333333","0.358974359","0.474358974","0.166666667","0.3456790123","0.4567901235","0.1975308642","0.3375","0.4625","0.2","0.329268293","0.463414634","0.207317073","0.317","0.476","0.207","0.305","0.488","0.207","0.305","0.488","0.207","0.309","0.481","0.21","0.304","0.506","0.19","0.292","0.461","0.247","0.303","0.483","0.213","0.289","0.511","0.2","0.297","0.505","0.198","0.286","0.527","0.187","0.272","0.543","0.185","0.2659574468","0.5319148936","0.2021276596"
"Connecticut","0.057142857","0.942857143","0","0.028571429","0.942857143","0.028571429","0.028571429","0.971428571","0","0.028571429","0.971428571","0","0.029411765","0.941176471","0.029411765","0.028571429","0.942857143","0.028571429","0.02777777778","0.944444444","0.027777778","0.0286","0.9429","0.0286","0.029411765","0.941176471","0.029411765","0.028571429","0.914285714","0.057142857","0.02857142857","0.9428571429","0.02857142857","0.029411765","0.941176471","0.029411765","0.028571429","0.942857143","0.028571429","0.029","0.941","0.029","0.03","0.939","0.03","0.031","0.938","0.031","0.031","0.938","0.031","0.031","0.938","0.031","0.031","0.969","0","0.031","0.969","0","0.032","0.935","0.032","0.032","0.935","0.032","0.032","0.935","0.032","0.032","0.935","0.032","0.03225806452","0.935483871","0.03225806452"
"Delaware","0","1","0","0","1","0","0","1","0","0","1","0","0","1","0","0","1","0","0","1","0","0","1","0","0","1","0","0","0.857142857","0.142857143","0","0.8571428571","0.1428571429","0","0.857142857","0.142857143","0","0.857142857","0.142857143","0","0.857","0.143","0","0.857","0.143","0","0.857","0.143","0","0.857","0.143","0","0.857","0.143","0","0.875","0.125","0","0.857","0.143","0","0.857","0.143","0","0.857","0.143","0","0.75","0.25","0","0.75","0.25","N/A","0.6","0.4"
"District of Columbia","0.083333333","0.666666667","0.25","0","0.727272727","0.272727273","0","0.7","0.3","0","0.7","0.3","0","0.7","0.3","0","0.636363636","0.363636364","0","0.636363636","0.363636364","0","0.6364","0.3636","0","0.7","0.3","0","0.7","0.3","0","0.7","0.3","0.090909091","0.636363636","0.272727273","0.090909091","0.636363636","0.272727273","0.091","0.636","0.273","0.091","0.636","0.273","0","0.727","0.273","0","0.727","0.273","0","0.727","0.273","0","0.727","0.273","0","0.7","0.3","0","0.7","0.3","0","0.7","0.3","0","0.7","0.3","0","0.7","0.3","N/A","0.7","0.3"
"Florida","0.118226601","0.42364532","0.458128079","0.094059406","0.435643564","0.47029703","0.099009901","0.430693069","0.47029703","0.099009901","0.425742574","0.475247525","0.098522167","0.433497537","0.467980296","0.098522167","0.438423645","0.463054187","0.09268292683","0.443902439","0.463414634","0.1182","0.4138","0.468","0.13","0.41","0.46","0.118483412","0.407582938","0.473933649","0.119047619","0.3904761905","0.4904761905","0.128571429","0.376190476","0.495238095","0.122065728","0.38028169","0.497652582","0.111","0.37","0.519","0.113","0.373","0.514","0.109","0.374","0.517","0.11","0.376","0.514","0.114","0.371","0.514","0.105","0.382","0.514","0.101","0.378","0.521","0.104","0.415","0.481","0.098","0.421","0.481","0.106","0.417","0.477","0.113","0.418","0.469","0.1090909091","0.4136363636","0.4772727273"
"Georgia","0.357142857","0.409090909","0.233766234","0.370860927","0.410596026","0.218543046","0.360544218","0.421768707","0.217687075","0.356164384","0.438356164","0.205479452","0.369863014","0.424657534","0.205479452","0.369863014","0.424657534","0.205479452","0.389261745","0.395973154","0.214765101","0.381","0.4014","0.2177","0.387755102","0.401360544","0.210884354","0.366013072","0.411764706","0.222222222","0.3486842105","0.4144736842","0.2368421053","0.337662338","0.428571429","0.233766234","0.320261438","0.444444444","0.235294118","0.331","0.446","0.223","0.319","0.465","0.215","0.331","0.451","0.218","0.34","0.475","0.184","0.284","0.539","0.177","0.265","0.565","0.17","0.262","0.552","0.186","0.245","0.594","0.161","0.229","0.583","0.188","0.246","0.585","0.169","0.241","0.589","0.17","0.2357142857","0.5928571429","0.1714285714"
"Hawaii","0.363636364","0.590909091","0.045454545","0.333333333","0.619047619","0.047619048","0.347826087","0.608695652","0.043478261","0.28","0.72","0","0.25","0.75","0","0.291666667","0.708333333","0","0.32","0.68","0","0.2917","0.7083","0","0.304347826","0.695652174","0","0.32","0.68","0","0.28","0.72","0","0.307692308","0.692307692","0","0.304347826","0.695652174","0","0.417","0.583","0","0.36","0.64","0","0.4","0.6","0","0.375","0.625","0","0.261","0.739","0","0.28","0.72","0","0.227","0.773","0","0.182","0.818","0","0.227","0.773","0","0.261","0.739","0","0.261","0.739","0","0.2727272727","0.7272727273","N/A"
"Idaho","0.666666667","0.261904762","0.071428571","0.666666667","0.261904762","0.071428571","0.675","0.275","0.05","0.615384615","0.333333333","0.051282051","0.615384615","0.333333333","0.051282051","0.615384615","0.333333333","0.051282051","0.5897435897","0.333333333","0.076923077","0.5526","0.3684","0.0789","0.538461538","0.384615385","0.076923077","0.564102564","0.358974359","0.076923077","0.487804878","0.3902439024","0.1219512195","0.487804878","0.390243902","0.12195122","0.475","0.425","0.1","0.475","0.4","0.125","0.45","0.425","0.125","0.475","0.4","0.125","0.45","0.425","0.125","0.45","0.425","0.125","0.413","0.391","0.196","0.378","0.444","0.178","0.37","0.413","0.217","0.37","0.413","0.217","0.34","0.426","0.234","0.34","0.426","0.234","0.3333333333","0.3958333333","0.2708333333"
"Illinois","0.151515152","0.813131313","0.035353535","0.142857143","0.81122449","0.045918367","0.145833333","0.8125","0.041666667","0.151041667","0.802083333","0.046875","0.145833333","0.802083333","0.052083333","0.151832461","0.795811518","0.052356021","0.1518324607","0.806282723","0.041884817","0.1421","0.7895","0.0684","0.142105263","0.789473684","0.068421053","0.136125654","0.780104712","0.083769634","0.1375661376","0.7777777778","0.08465608466","0.137566138","0.756613757","0.105820106","0.127659574","0.771276596","0.10106383","0.128","0.766","0.106","0.122","0.772","0.106","0.127","0.762","0.111","0.128","0.761","0.112","0.122","0.766","0.112","0.122","0.778","0.101","0.123","0.781","0.096","0.124","0.789","0.086","0.13","0.788","0.082","0.127","0.796","0.077","0.122","0.79","0.088","0.1189189189","0.7837837838","0.0972972973"
"Indiana","0.405405405","0.486486486","0.108108108","0.376146789","0.513761468","0.110091743","0.372727273","0.518181818","0.109090909","0.357142857","0.517857143","0.125","0.339285714","0.526785714","0.133928571","0.327433628","0.530973451","0.14159292","0.3185840708","0.513274336","0.168141593","0.3421","0.4912","0.1667","0.342105263","0.49122807","0.166666667","0.317073171","0.479674797","0.203252033","0.2764227642","0.5203252033","0.2032520325","0.264","0.536","0.2","0.24","0.568","0.192","0.242","0.556","0.202","0.244","0.553","0.203","0.248","0.554","0.198","0.225","0.567","0.208","0.218","0.571","0.21","0.197","0.538","0.265","0.189","0.553","0.258","0.202","0.558","0.24","0.202","0.558","0.24","0.192","0.569","0.238","0.192","0.569","0.238","0.1937984496","0.5581395349","0.2480620155"
"Iowa","0.513043478","0.486956522","0","0.504347826","0.495652174","0","0.50862069","0.482758621","0.00862069","0.50862069","0.49137931","0","0.50862069","0.49137931","0","0.513043478","0.486956522","0","0.5086206897","0.49137931","0","0.5043","0.4957","0","0.504273504","0.495726496","0","0.5","0.491525424","0.008474576","0.5","0.4915254237","0.008474576271","0.5","0.483050847","0.016949153","0.5","0.483050847","0.016949153","0.5","0.483","0.017","0.5","0.483","0.017","0.5","0.483","0.017","0.5","0.483","0.017","0.496","0.487","0.017","0.487","0.496","0.017","0.5","0.475","0.025","0.504","0.47","0.026","0.509","0.466","0.026","0.5","0.458","0.042","0.483","0.466","0.051","0.4830508475","0.4661016949","0.05084745763"
"Kansas","0.480916031","0.465648855","0.053435115","0.488372093","0.465116279","0.046511628","0.466165414","0.466165414","0.067669173","0.462121212","0.46969697","0.068181818","0.455223881","0.447761194","0.097014925","0.455223881","0.447761194","0.097014925","0.465648855","0.442748092","0.091603053","0.4729","0.4419","0.0853","0.484375","0.4296875","0.0859375","0.46969697","0.401515152","0.128787879","0.4661654135","0.4060150376","0.1278195489","0.476923077","0.392307692","0.130769231","0.477272727","0.401515152","0.121212121","0.466","0.405","0.13","0.469","0.392","0.138","0.481","0.383","0.135","0.481","0.389","0.13","0.466","0.397","0.137","0.417","0.368","0.215","0.446","0.36","0.194","0.442","0.362","0.196","0.422","0.378","0.2","0.43","0.385","0.185","0.43","0.385","0.185","0.4074074074","0.4074074074","0.1851851852"
"Kentucky","0.133333333","0.695238095","0.171428571","0.142857143","0.685714286","0.171428571","0.13592233","0.689320388","0.174757282","0.134615385","0.701923077","0.163461538","0.126213592","0.708737864","0.165048544","0.123809524","0.685714286","0.19047619","0.1238095238","0.685714286","0.19047619","0.125","0.6827","0.1923","0.115384615","0.701923077","0.182692308","0.133333333","0.676190476","0.19047619","0.1057692308","0.7019230769","0.1923076923","0.103773585","0.70754717","0.188679245","0.113207547","0.698113208","0.188679245","0.113","0.698","0.189","0.104","0.708","0.189","0.106","0.692","0.202","0.107","0.718","0.175","0.087","0.709","0.204","0.101","0.697","0.202","0.105","0.686","0.21","0.106","0.692","0.202","0.096","0.692","0.212","0.096","0.683","0.221","0.087","0.683","0.231","0.1057692308","0.6923076923","0.2019230769"
"Louisiana","0.450819672","0.245901639","0.303278689","0.447154472","0.25203252","0.300813008","0.44","0.264","0.296","0.40625","0.2734375","0.3203125","0.393700787","0.267716535","0.338582677","0.404580153","0.259541985","0.335877863","0.3984375","0.25","0.3515625","0.3864","0.2879","0.3258","0.387596899","0.294573643","0.317829457","0.384615385","0.292307692","0.323076923","0.421875","0.2734375","0.3046875","0.396825397","0.301587302","0.301587302","0.377952756","0.307086614","0.31496063","0.395","0.306","0.298","0.361","0.336","0.303","0.369","0.336","0.295","0.367","0.358","0.275","0.356","0.381","0.263","0.27","0.301","0.429","0.297","0.285","0.418","0.297","0.29","0.413","0.27","0.327","0.403","0.269","0.331","0.4","0.264","0.321","0.415","0.2662337662","0.3246753247","0.4090909091"
"Maine","0.081081081","0.891891892","0.027027027","0.081081081","0.891891892","0.027027027","0.081081081","0.891891892","0.027027027","0.054054054","0.918918919","0.027027027","0.054054054","0.918918919","0.027027027","0.054054054","0.918918919","0.027027027","0.05405405405","0.918918919","0.027027027","0.0541","0.9189","0.027","0.054054054","0.918918919","0.027027027","0.054054054","0.918918919","0.027027027","0.05405405405","0.9189189189","0.02702702703","0.054054054","0.918918919","0.027027027","0.054054054","0.918918919","0.027027027","0.054","0.919","0.027","0.057","0.914","0.029","0.057","0.914","0.029","0.088","0.882","0.029","0.059","0.912","0.029","0.063","0.906","0.031","0.059","0.912","0.029","0.059","0.912","0.029","0.059","0.912","0.029","0.029","0.941","0.029","0.029","0.941","0.029","0.02941176471","0.9411764706","0.02941176471"
"Maryland","0","0.959183673","0.040816327","0","0.959183673","0.040816327","0","0.93877551","0.06122449","0.020408163","0.959183673","0.06122449","0","0.941176471","0.039215686","0","0.96","0.04","0","0.96","0.04","0","0.96","0.04","0","0.959183673","0.040816327","0","0.96","0.04","0","0.9591836735","0.04081632653","0","0.957446809","0.042553191","0","0.958333333","0.041666667","0","0.96","0.04","0","0.98","0.02","0","0.98","0.02","0","0.98","0.02","0","0.98","0.02","0","0.961","0.039","0","0.98","0.02","0","0.979","0.021","0","0.98","0.02","0","0.979","0.021","0","0.979","0.021","N/A","0.9574468085","0.04255319149"
"Massachusetts","0.050632911","0.873417722","0.075949367","0.05","0.875","0.075","0.05","0.875","0.075","0.051282051","0.871794872","0.076923077","0.037974684","0.860759494","0.101265823","0.038461538","0.846153846","0.115384615","0.0375","0.8375","0.125","0.0375","0.8375","0.125","0.038461538","0.858974359","0.102564103","0.026666667","0.866666667","0.106666667","0.02564102564","0.8717948718","0.1025641026","0.012658228","0.848101266","0.139240506","0.012658228","0.82278481","0.164556962","0.036","0.735","0.229","0.037","0.72","0.244","0.051","0.722","0.228","0.039","0.737","0.224","0.04","0.733","0.227","0.04","0.773","0.187","0.027","0.747","0.227","0.027","0.757","0.216","0.027","0.757","0.216","0.027","0.747","0.227","0.027","0.753","0.219","0.04347826087","0.768115942","0.1884057971"
"Michigan","0.131034483","0.84137931","0.027586207","0.130136986","0.849315068","0.020547945","0.137931034","0.84137931","0.020689655","0.131034483","0.84137931","0.027586207","0.125","0.847222222","0.027777778","0.125","0.847222222","0.027777778","0.1232876712","0.849315068","0.02739726","0.1197","0.8451","0.0352","0.111888112","0.86013986","0.027972028","0.098039216","0.803921569","0.098039216","0.09493670886","0.7974683544","0.1075949367","0.08974359","0.801282051","0.108974359","0.091503268","0.777777778","0.130718954","0.099","0.755","0.146","0.093","0.755","0.152","0.081","0.75","0.169","0.082","0.755","0.163","0.068","0.753","0.178","0.048","0.772","0.179","0.042","0.785","0.174","0.041","0.781","0.178","0.043","0.794","0.163","0.043","0.791","0.165","0.029","0.807","0.164","0.02898550725","0.8115942029","0.1594202899"
"Minnesota","0.313432836","0.686567164","0","0.325925926","0.674074074","0","0.323308271","0.676691729","0","0.330827068","0.669172932","0","0.320610687","0.679389313","0","0.310606061","0.689393939","0","0.3082706767","0.684210526","0.007518797","0.3053","0.6947","0","0.305343511","0.694656489","0","0.284615385","0.715384615","0","0.2878787879","0.7045454545","0.007575757576","0.270676692","0.721804511","0.007518797","0.287878788","0.704545455","0.007575758","0.278","0.714","0.008","0.275","0.725","0","0.252","0.748","0","0.238","0.762","0","0.248","0.752","0","0.248","0.744","0.008","0.228","0.772","0","0.24","0.76","0","0.224","0.776","0","0.228","0.772","0","0.202","0.798","0","0.1869918699","0.8130081301","N/A"
"Mississippi","0.479166667","0.291666667","0.229166667","0.473684211","0.273684211","0.252631579","0.46875","0.28125","0.25","0.461538462","0.274725275","0.263736264","0.456521739","0.282608696","0.260869565","0.451612903","0.268817204","0.279569892","0.4361702128","0.308510638","0.255319149","0.4362","0.3085","0.2553","0.442105263","0.305263158","0.252631579","0.418367347","0.306122449","0.275510204","0.412371134","0.2886597938","0.2989690722","0.427083333","0.28125","0.291666667","0.404040404","0.292929293","0.303030303","0.408","0.296","0.296","0.414","0.293","0.293","0.402","0.299","0.299","0.411","0.305","0.284","0.409","0.333","0.258","0.41","0.34","0.25","0.384","0.354","0.263","0.406","0.333","0.26","0.412","0.34","0.247","0.408","0.337","0.255","0.404","0.343","0.253","0.4242424242","0.3535353535","0.2222222222"
"Missouri","0.296610169","0.601694915","0.101694915","0.31092437","0.596638655","0.092436975","0.307692308","0.58974359","0.102564103","0.302521008","0.571428571","0.12605042","0.302521008","0.56302521","0.134453782","0.302521008","0.537815126","0.159663866","0.3025210084","0.529411765","0.168067227","0.3025","0.521","0.1765","0.299145299","0.521367521","0.179487179","0.284552846","0.504065041","0.211382114","0.28","0.512","0.208","0.286885246","0.524590164","0.18852459","0.291666667","0.525","0.183333333","0.276","0.52","0.203","0.26","0.528","0.211","0.254","0.533","0.213","0.248","0.537","0.215","0.252","0.546","0.202","0.246","0.532","0.222","0.254","0.541","0.205","0.25","0.558","0.192","0.254","0.568","0.178","0.244","0.546","0.21","0.252","0.565","0.183","0.25","0.5603448276","0.1896551724"
"Montana","0.226415094","0.773584906","0","0.192307692","0.807692308","0","0.20754717","0.79245283","0","0.188679245","0.811320755","0","0.188679245","0.811320755","0","0.185185185","0.814814815","0","0.1851851852","0.814814815","0","0.1731","0.8077","0.0192","0.173076923","0.807692308","0.019230769","0.166666667","0.8125","0.020833333","0.1458333333","0.8333333333","0.02083333333","0.166666667","0.8125","0.020833333","0.208333333","0.770833333","0.020833333","0.208","0.771","0.021","0.18","0.8","0.02","0.16","0.82","0.02","0.16","0.78","0.06","0.14","0.78","0.08","0.127","0.782","0.091","0.125","0.786","0.089","0.105","0.807","0.088","0.143","0.786","0.071","0.136","0.78","0.085","0.085","0.847","0.068","0.1186440678","0.813559322","0.06779661017"
"Nebraska","0.482352941","0.505882353","0.011764706","0.482352941","0.505882353","0.011764706","0.464285714","0.511904762","0.023809524","0.476744186","0.5","0.023255814","0.458823529","0.517647059","0.023529412","0.458823529","0.517647059","0.023529412","0.4597701149","0.517241379","0.022988506","0.4706","0.5059","0.0235","0.470588235","0.505882353","0.023529412","0.441860465","0.534883721","0.023255814","0.4597701149","0.5172413793","0.02298850575","0.443181818","0.522727273","0.034090909","0.430232558","0.534883721","0.034883721","0.427","0.551","0.022","0.414","0.563","0.023","0.404","0.551","0.045","0.398","0.568","0.034","0.409","0.557","0.034","0.383","0.553","0.064","0.387","0.538","0.075","0.376","0.548","0.075","0.376","0.548","0.075","0.38","0.565","0.054","0.366","0.581","0.054","0.3804347826","0.5652173913","0.05434782609"
"Nevada","0.363636364","0.272727273","0.363636364","0.318181818","0.318181818","0.363636364","0.291666667","0.291666667","0.416666667","0.230769231","0.346153846","0.423076923","0.28","0.36","0.36","0.2","0.333333333","0.466666667","0.1875","0.34375","0.46875","0.2121","0.3333","0.4545","0.181818182","0.393939394","0.424242424","0.171428571","0.371428571","0.457142857","0.1714285714","0.3714285714","0.4571428571","0.166666667","0.361111111","0.472222222","0.157894737","0.342105263","0.5","0.158","0.316","0.526","0.158","0.316","0.526","0.162","0.324","0.514","0.139","0.361","0.5","0.167","0.333","0.5","0.136","0.341","0.523","0.136","0.341","0.523","0.14","0.326","0.535","0.13","0.326","0.543","0.128","0.319","0.553","0.13","0.304","0.565","0.152173913","0.2826086957","0.5652173913"
"New Hampshire","0","0.857142857","0.142857143","0","0.857142857","0.142857143","0","0.857142857","0.142857143","0","0.857142857","0.142857143","0","0.857142857","0.142857143","0","0.857142857","0.142857143","0","0.857142857","0.142857143","0","0.8571","0.1429","0","0.857142857","0.142857143","0","0.857142857","0.142857143","0","0.8571428571","0.1428571429","0","0.857142857","0.142857143","0","0.857142857","0.142857143","0","0.857","0.143","0","0.857","0.143","0","0.857","0.143","0","0.857","0.143","0","0.857","0.143","0","0.857","0.143","0","0.857","0.143","0","0.821","0.179","0","0.821","0.179","0","0.821","0.179","0","0.821","0.179","N/A","0.8214285714","0.1785714286"
"New Jersey","0.024691358","0.950617284","0.024691358","0.025","0.95","0.025","0.025641026","0.948717949","0.025641026","0.024691358","0.938271605","0.037037037","0.012820513","0.948717949","0.038461538","0.0125","0.9375","0.05","0.025","0.925","0.05","0.0127","0.9367","0.0506","0.04109589","0.890410959","0.068493151","0.054794521","0.835616438","0.109589041","0.04054054054","0.8648648649","0.09459459459","0.04109589","0.849315068","0.109589041","0.02739726","0.835616438","0.136986301","0.039","0.779","0.182","0.052","0.779","0.169","0.027","0.787","0.187","0.013","0.787","0.2","0.013","0.773","0.213","0","0.756","0.244","0","0.756","0.244","0.025","0.765","0.21","0.025","0.765","0.21","0.025","0.788","0.188","0.025","0.759","0.215","0.02597402597","0.7662337662","0.2077922078"
"New Mexico","0.305555556","0.555555556","0.138888889","0.257142857","0.571428571","0.171428571","0.285714286","0.542857143","0.171428571","0.25","0.527777778","0.222222222","0.243243243","0.513513514","0.243243243","0.243243243","0.486486486","0.27027027","0.2162162162","0.405405405","0.378378378","0.2222","0.4167","0.3611","0.2","0.428571429","0.371428571","0.194444444","0.388888889","0.416666667","0.1891891892","0.3783783784","0.4324324324","0.166666667","0.444444444","0.388888889","0.166666667","0.416666667","0.416666667","0.162","0.405","0.432","0.162","0.405","0.432","0.162","0.405","0.432","0.167","0.389","0.444","0.167","0.389","0.444","0.195","0.39","0.415","0.195","0.366","0.439","0.214","0.357","0.429","0.19","0.381","0.429","0.182","0.386","0.432","0.186","0.395","0.419","0.1666666667","0.4047619048","0.4285714286"
"New York","0.114678899","0.848623853","0.036697248","0.111627907","0.851162791","0.037209302","0.117924528","0.853773585","0.028301887","0.123222749","0.857819905","0.018957346","0.125603865","0.859903382","0.014492754","0.111650485","0.873786408","0.014563107","0.1083743842","0.881773399","0.009852217","0.1133","0.8719","0.0148","0.128712871","0.861386139","0.00990099","0.134020619","0.860824742","0.005154639","0.1322751323","0.8677248677","0","0.135135135","0.864864865","0","0.142857143","0.857142857","0","0.146","0.854","0","0.141","0.859","0","0.138","0.862","0","0.141","0.859","0","0.136","0.864","0","0.137","0.863","0","0.145","0.855","0","0.147","0.853","0","0.154","0.846","0","0.143","0.857","0","0.144","0.856","0","0.1392405063","0.8607594937","N/A"
"North Carolina","0.289473684","0.631578947","0.078947368","0.283185841","0.628318584","0.088495575","0.288288288","0.630630631","0.081081081","0.265486726","0.663716814","0.07079646","0.256637168","0.672566372","0.07079646","0.27826087","0.643478261","0.07826087","0.2782608696","0.652173913","0.069565217","0.2807","0.6579","0.0614","0.283185841","0.663716814","0.053097345","0.275862069","0.637931034","0.086206897","0.2782608696","0.6434782609","0.07826086957","0.273504274","0.623931624","0.102564103","0.256410256","0.641025641","0.102564103","0.254","0.61","0.136","0.239","0.615","0.145","0.241","0.586","0.172","0.239","0.593","0.168","0.25","0.58","0.17","0.272","0.588","0.14","0.259","0.607","0.134","0.279","0.586","0.135","0.25","0.616","0.134","0.239","0.611","0.15","0.252","0.604","0.144","0.2272727273","0.6272727273","0.1454545455"
"North Dakota","0","0.951219512","0.048780488","0","0.952380952","0.047619048","0","0.975","0.025","0","0.976190476","0.023809524","0","1","0","0","1","0","0","1","0","0","1","0","0","0.975609756","0.024390244","0","0.951219512","0.048780488","0","0.9512195122","0.0487804878","0","0.951219512","0.048780488","0","0.951219512","0.048780488","0","0.932","0.068","0","0.95","0.05","0","0.95","0.05","0","0.95","0.05","0","0.95","0.05","0","0.923","0.077","0","0.949","0.051","0","0.95","0.05","0","0.951","0.049","0","0.93","0.07","0","0.93","0.07","N/A","0.9302325581","0.06976744186"
"Ohio","0.137724551","0.832335329","0.02994012","0.134969325","0.840490798","0.024539877","0.138554217","0.837349398","0.024096386","0.136904762","0.839285714","0.023809524","0.141104294","0.834355828","0.024539877","0.138554217","0.831325301","0.030120482","0.1352941176","0.805882353","0.058823529","0.1345","0.7953","0.0702","0.134502924","0.801169591","0.064327485","0.116022099","0.767955801","0.116022099","0.1202185792","0.7540983607","0.1256830601","0.114754098","0.754098361","0.131147541","0.103825137","0.754098361","0.142076503","0.103","0.757","0.141","0.098","0.754","0.148","0.099","0.747","0.154","0.095","0.754","0.151","0.089","0.76","0.151","0.081","0.712","0.207","0.088","0.716","0.196","0.082","0.723","0.195","0.078","0.72","0.202","0.073","0.734","0.193","0.075","0.733","0.193","0.06951871658","0.7219251337","0.2085561497"
"Oklahoma","0.458715596","0.403669725","0.137614679","0.416666667","0.453703704","0.12962963","0.416666667","0.444444444","0.138888889","0.419047619","0.438095238","0.142857143","0.435185185","0.425925926","0.138888889","0.412844037","0.385321101","0.201834862","0.3727272727","0.354545455","0.272727273","0.3929","0.3125","0.2946","0.398230088","0.309734513","0.292035398","0.391304348","0.32173913","0.286956522","0.3879310345","0.3103448276","0.3017241379","0.389380531","0.318584071","0.292035398","0.356521739","0.330434783","0.313043478","0.342","0.316","0.342","0.328","0.319","0.353","0.333","0.316","0.351","0.364","0.3","0.336","0.345","0.318","0.336","0.295","0.31","0.395","0.304","0.312","0.384","0.306","0.298","0.395","0.295","0.303","0.402","0.304","0.312","0.384","0.304","0.312","0.384","0.3064516129","0.3306451613","0.3629032258"
"Oregon","0.254237288","0.694915254","0.050847458","0.254237288","0.694915254","0.050847458","0.2","0.733333333","0.066666667","0.2","0.733333333","0.066666667","0.206896552","0.74137931","0.051724138","0.206896552","0.74137931","0.051724138","0.2068965517","0.74137931","0.051724138","0.2241","0.7241","0.0517","0.224137931","0.74137931","0.034482759","0.224137931","0.74137931","0.034482759","0.2068965517","0.7586206897","0.03448275862","0.206896552","0.75862069","0.034482759","0.203389831","0.762711864","0.033898305","0.19","0.776","0.034","0.203","0.763","0.034","0.203","0.763","0.034","0.186","0.78","0.034","0.186","0.78","0.034","0.197","0.754","0.049","0.18","0.77","0.049","0.18","0.77","0.049","0.18","0.77","0.049","0.18","0.77","0.049","0.18","0.77","0.049","0.1803278689","0.7704918033","0.04918032787"
"Pennsylvania","0.004761905","0.947619048","0.047619048","0.009661836","0.937198068","0.053140097","0.009756098","0.92195122","0.068292683","0.009950249","0.915422886","0.074626866","0.009950249","0.880597015","0.109452736","0.005076142","0.873096447","0.121827411","0.01047120419","0.863874346","0.12565445","0.0106","0.8564","0.133","0.010695187","0.844919786","0.144385027","0.014925373","0.7960199","0.189054726","0.01030927835","0.7886597938","0.2010309278","0.010204082","0.770408163","0.219387755","0.010309278","0.74742268","0.242268041","0.01","0.74","0.25","0.011","0.742","0.247","0.005","0.751","0.243","0.005","0.731","0.263","0.005","0.739","0.255","0.005","0.746","0.249","0.005","0.759","0.236","0.005","0.77","0.225","0.005","0.78","0.215","0.011","0.778","0.211","0.011","0.789","0.2","0.01092896175","0.7923497268","0.1967213115"
"Rhode Island","0","1","0","0","1","0","0","1","0","0","1","0","0","1","0","0","1","0","0","1","0","0","1","0","0","1","0","0","1","0","0","1","0","0","1","0","0","1","0","0","1","0","0","0.909","0.091","0","0.909","0.091","0","0.909","0.091","0","0.909","0.091","0","0.636","0.364","0","0.818","0.182","0","1","0","0","1","0","0","1","0","0","1","0","N/A","1","N/A"
"South Carolina","0.375","0.3125","0.3125","0.365079365","0.317460317","0.317460317","0.35483871","0.322580645","0.322580645","0.338709677","0.370967742","0.290322581","0.327868852","0.37704918","0.295081967","0.306451613","0.387096774","0.306451613","0.3015873016","0.365079365","0.333333333","0.2879","0.3333","0.3788","0.28358209","0.343283582","0.373134328","0.289855072","0.362318841","0.347826087","0.2857142857","0.3571428571","0.3571428571","0.253731343","0.358208955","0.388059701","0.287878788","0.348484848","0.363636364","0.269","0.388","0.343","0.261","0.406","0.333","0.271","0.386","0.343","0.279","0.397","0.324","0.221","0.426","0.353","0.186","0.471","0.343","0.203","0.435","0.362","0.278","0.444","0.278","0.274","0.438","0.288","0.284","0.432","0.284","0.271","0.429","0.3","0.2676056338","0.4225352113","0.3098591549"
"South Dakota","0.166666667","0.833333333","0","0.145833333","0.854166667","0","0.12","0.86","0.02","0.117647059","0.862745098","0.019607843","0.12","0.86","0.02","0.117647059","0.862745098","0.019607843","0.09615384615","0.846153846","0.057692308","0.0962","0.8462","0.0577","0.098039216","0.843137255","0.058823529","0.094339623","0.830188679","0.075471698","0.05660377358","0.8679245283","0.07547169811","0.075471698","0.849056604","0.075471698","0.075471698","0.849056604","0.075471698","0.074","0.852","0.074","0.074","0.852","0.074","0.075","0.849","0.075","0.075","0.849","0.075","0.075","0.849","0.075","0.07","0.789","0.14","0.07","0.789","0.14","0.07","0.789","0.14","0.07","0.789","0.14","0.069","0.776","0.155","0.07","0.789","0.14","0.07142857143","0.8035714286","0.125"
"Tennessee","0.223140496","0.462809917","0.314049587","0.223140496","0.47107438","0.305785124","0.211382114","0.495934959","0.292682927","0.208","0.512","0.28","0.2","0.504","0.296","0.188976378","0.503937008","0.307086614","0.1846153846","0.476923077","0.338461538","0.1846","0.4615","0.3538","0.165413534","0.458646617","0.37593985","0.160583942","0.437956204","0.401459854","0.1605839416","0.4306569343","0.4087591241","0.149253731","0.417910448","0.432835821","0.157894737","0.37593985","0.466165414","0.159","0.371","0.47","0.169","0.377","0.454","0.152","0.4","0.448","0.149","0.421","0.43","0.15","0.425","0.425","0.156","0.426","0.418","0.174","0.435","0.391","0.188","0.438","0.375","0.18","0.414","0.405","0.18","0.432","0.387","0.179","0.438","0.384","0.1875","0.4464285714","0.3660714286"
"Texas","0.321078431","0.350490196","0.328431373","0.322580645","0.35235732","0.325062035","0.311435523","0.355231144","0.333333333","0.310096154","0.372596154","0.317307692","0.311594203","0.367149758","0.321256039","0.301435407","0.366028708","0.332535885","0.2987951807","0.36626506","0.334939759","0.2878","0.3549","0.3573","0.28606357","0.366748166","0.347188264","0.274647887","0.356807512","0.368544601","0.2710280374","0.3434579439","0.3855140187","0.265258216","0.34741784","0.387323944","0.261904762","0.354761905","0.383333333","0.249","0.355","0.395","0.243","0.363","0.394","0.245","0.365","0.391","0.248","0.354","0.399","0.248","0.35","0.402","0.195","0.29","0.515","0.197","0.272","0.532","0.195","0.285","0.52","0.189","0.293","0.518","0.191","0.294","0.515","0.191","0.299","0.511","0.1904761905","0.2956349206","0.5138888889"
"Utah","0.214285714","0.476190476","0.30952381","0.166666667","0.523809524","0.30952381","0.166666667","0.523809524","0.30952381","0.142857143","0.523809524","0.333333333","0.142857143","0.523809524","0.333333333","0.139534884","0.511627907","0.348837209","0.1395348837","0.511627907","0.348837209","0.1395","0.5116","0.3488","0.097560976","0.536585366","0.365853659","0.11627907","0.534883721","0.348837209","0.1363636364","0.5227272727","0.3409090909","0.136363636","0.522727273","0.340909091","0.130434783","0.543478261","0.326086957","0.128","0.553","0.319","0.128","0.553","0.319","0.128","0.553","0.319","0.128","0.553","0.319","0.128","0.553","0.319","0.132","0.491","0.377","0.13","0.519","0.352","0.132","0.528","0.34","0.151","0.528","0.321","0.13","0.537","0.333","0.13","0.611","0.259","0.1346153846","0.5961538462","0.2692307692"
"Vermont","0","1","0","0","1","0","0","1","0","0","1","0","0","1","0","0","1","0","0","1","0","0","1","0","0","1","0","0","1","0","0","1","0","0","1","0","0","1","0","0","1","0","0","1","0","0","1","0","0","1","0","0","1","0","0","1","0","0","1","0","0","1","0","0","1","0","0","1","0","0","1","0","N/A","1","N/A"
"Virginia","0.056179775","0.764044944","0.179775281","0.056818182","0.75","0.193181818","0.057471264","0.770114943","0.172413793","0.058139535","0.779069767","0.162790698","0.047619048","0.75","0.202380952","0.045454545","0.727272727","0.227272727","0.04597701149","0.712643678","0.24137931","0.0455","0.7273","0.2273","0.045977011","0.735632184","0.218390805","0.044444444","0.722222222","0.233333333","0.04444444444","0.7333333333","0.2222222222","0.04494382","0.719101124","0.235955056","0.04494382","0.730337079","0.224719101","0.053","0.691","0.255","0.054","0.699","0.247","0.054","0.699","0.247","0.043","0.707","0.25","0.043","0.707","0.25","0.021","0.726","0.253","0.042","0.698","0.26","0.041","0.701","0.258","0.032","0.705","0.263","0.032","0.713","0.255","0.032","0.702","0.266","0.04255319149","0.6914893617","0.2659574468"
"Washington","0.465116279","0.5","0.034883721","0.452380952","0.5","0.047619048","0.464285714","0.488095238","0.047619048","0.465116279","0.488372093","0.046511628","0.458823529","0.482352941","0.058823529","0.458823529","0.482352941","0.058823529","0.4651162791","0.488372093","0.046511628","0.4659","0.4773","0.0568","0.471264368","0.471264368","0.057471264","0.488372093","0.465116279","0.046511628","0.4712643678","0.4712643678","0.05747126437","0.453488372","0.488372093","0.058139535","0.447058824","0.482352941","0.070588235","0.437","0.483","0.08","0.444","0.489","0.067","0.444","0.478","0.078","0.444","0.478","0.078","0.456","0.467","0.078","0.446","0.489","0.065","0.435","0.478","0.087","0.44","0.484","0.077","0.462","0.495","0.044","0.457","0.5","0.043","0.457","0.5","0.043","0.4565217391","0.5108695652","0.03260869565"
"West Virginia","0.172413793","0.586206897","0.24137931","0.175438596","0.578947368","0.245614035","0.175438596","0.578947368","0.245614035","0.175438596","0.578947368","0.245614035","0.175438596","0.543859649","0.280701754","0.175438596","0.543859649","0.280701754","0.1754385965","0.543859649","0.280701754","0.1786","0.5536","0.2679","0.178571429","0.553571429","0.267857143","0.178571429","0.571428571","0.25","0.1785714286","0.5714285714","0.25","0.142857143","0.607142857","0.25","0.145454545","0.6","0.254545455","0.145","0.6","0.255","0.127","0.618","0.255","0.13","0.611","0.259","0.13","0.611","0.259","0.13","0.63","0.241","0.161","0.589","0.25","0.161","0.589","0.25","0.135","0.635","0.231","0.135","0.635","0.231","0.111","0.63","0.259","0.111","0.63","0.259","0.1132075472","0.6603773585","0.2264150943"
"Wisconsin","0.016260163","0.975609756","0.008130081","0.016949153","0.974576271","0.008474576","0.016528926","0.975206612","0.008264463","0.016666667","0.975","0.008333333","0.016528926","0.966942149","0.016528926","0.016528926","0.950413223","0.033057851","0.01612903226","0.951612903","0.032258065","0.0161","0.9516","0.0323","0.016129032","0.943548387","0.040322581","0.015873016","0.944444444","0.03968254","0.01587301587","0.9365079365","0.04761904762","0.016129032","0.943548387","0.040322581","0.016","0.952","0.032","0.016","0.945","0.039","0.016","0.938","0.047","0.016","0.938","0.047","0.016","0.937","0.047","0.016","0.937","0.047","0.015","0.903","0.082","0.015","0.91","0.075","0.008","0.924","0.068","0.008","0.925","0.068","0.008","0.924","0.068","0.008","0.925","0.068","0.007407407407","0.9111111111","0.08148148148"
"Wyoming","0.652173913","0.217391304","0.130434783","0.666666667","0.208333333","0.125","0.666666667","0.208333333","0.125","0.666666667","0.208333333","0.125","0.652173913","0.217391304","0.130434783","0.708333333","0.166666667","0.125","0.7083333333","0.166666667","0.125","0.7083","0.1667","0.125","0.666666667","0.208333333","0.125","0.666666667","0.208333333","0.125","0.6666666667","0.2083333333","0.125","0.666666667","0.208333333","0.125","0.666666667","0.208333333","0.125","0.667","0.208","0.125","0.667","0.208","0.125","0.696","0.217","0.087","0.696","0.217","0.087","0.739","0.174","0.087","0.586","0.241","0.172","0.655","0.138","0.207","0.679","0.143","0.179","0.643","0.179","0.179","0.643","0.179","0.179","0.643","0.179","0.179","0.6428571429","0.1785714286","0.1785714286"

"Notes"
"Data are for community hospitals, which represent 85% of all hospitals."
"Beginning in 2017, the AHA began to use a broader definition for a hospital. An institution is a hospital if it is licensed as a general or specialty hospital by the appropriate state agency and accredited by one of the following organizations: The Joint Commission Healthcare Facilities Accreditation Program (HFAP), DNV Health Accreditation, Center for Improvement in Healthcare Quality Accreditation, or Medicare certified as a provider of acute services under Title 18 of the Social Security Act. As a result of the application of the new, broader hospital definition, the number of community hospitals increased by approximately 400 in 2017."

"Sources"
"1999 - 2023 AHA Annual Survey, Copyright 2023 by Health Forum, LLC, an affiliate of the American Hospital Association. Special data request, 2024. Available at [https://www.ahadata.com/aha-annual-survey-database](https://www.ahadata.com/aha-annual-survey-database)."

"Definitions"
"*Community Hospitals:* All nonfederal, short-term general, and specialty hospitals whose facilities and services are available to the public."


